InputGenerationTime,0.04519061098108068
ProfilingTime,17.66008097800659
SimulationTime,70.51678789098514
FramaCExecutionTime,50.35609116801061
TotalExecutionTime,549.3937525199726
