InputGenerationTime,0.1623866810114123
ProfilingTime,16.25511288497364
SimulationTime,868.7885692059936
FramaCExecutionTime,64.39105598500464
TotalExecutionTime,14164.400168704015
