InputGenerationTime,0.2185508770053275
ProfilingTime,16.279394952987786
SimulationTime,801.3762671630247
FramaCExecutionTime,81.13867704098811
TotalExecutionTime,14635.516761581996
