InputGenerationTime,0.22238390904385597
ProfilingTime,31.203871823148802
SimulationTime,5979.80312584294
FramaCExecutionTime,104.69010964804329
TotalExecutionTime,85010.2251633039
