InputGenerationTime,0.10734761599451303
ProfilingTime,23.95127283607144
SimulationTime,1277.719698275905
FramaCExecutionTime,74.86267644702457
TotalExecutionTime,86087.95707849297
