InputGenerationTime,0.14289244503015652
ProfilingTime,13.972716738993768
SimulationTime,466.6209877599613
FramaCExecutionTime,73.29307201999472
TotalExecutionTime,15426.732780312013
