InputGenerationTime,0.03344180900603533
ProfilingTime,20.40782600804232
SimulationTime,654.3588671819307
FramaCExecutionTime,50.28500775108114
TotalExecutionTime,27985.874730475014
