InputGenerationTime,0.1789411689969711
ProfilingTime,24.439620384015143
SimulationTime,1254.2280067329993
FramaCExecutionTime,71.89116228104103
TotalExecutionTime,22883.820027588983
