InputGenerationTime,0.13154517099974328
ProfilingTime,29.89704455700121
SimulationTime,1600.7906653220052
FramaCExecutionTime,97.15951074999975
TotalExecutionTime,63010.864520054005
