InputGenerationTime,0.14546583700575866
ProfilingTime,14.303993543988327
SimulationTime,487.4376723979949
FramaCExecutionTime,74.77319466500194
TotalExecutionTime,18550.871570985997
