InputGenerationTime,0.10734761599451303
ProfilingTime,31.64001177600585
SimulationTime,2425.0682698669843
FramaCExecutionTime,74.86267644702457
TotalExecutionTime,122348.86265564803
