InputGenerationTime,0.14289244503015652
ProfilingTime,13.890172938001342
SimulationTime,478.7326738149859
FramaCExecutionTime,73.29307201999472
TotalExecutionTime,14945.975940793986
