InputGenerationTime,0.21834907896118239
ProfilingTime,16.06218154198723
SimulationTime,844.7532920969534
FramaCExecutionTime,83.42115977802314
TotalExecutionTime,26422.42421290098
