InputGenerationTime,0.03478576202178374
ProfilingTime,12.739934129000176
SimulationTime,226.2970106569701
FramaCExecutionTime,50.926451303996146
TotalExecutionTime,5607.278885965992
