InputGenerationTime,0.1029826570302248
ProfilingTime,25.074595566024072
SimulationTime,3584.934054840938
FramaCExecutionTime,74.36303333297838
TotalExecutionTime,15116.089711655048
