InputGenerationTime,0.04605658899527043
ProfilingTime,17.9683305779472
SimulationTime,71.54710982402321
FramaCExecutionTime,50.800753629999235
TotalExecutionTime,10487.52137698594
