InputGenerationTime,0.03478576202178374
ProfilingTime,14.363704557996243
SimulationTime,227.7301128580002
FramaCExecutionTime,50.926451303996146
TotalExecutionTime,1737.7674513150123
