InputGenerationTime,0.18352015601703897
ProfilingTime,13.75264723401051
SimulationTime,1655.4766540960409
FramaCExecutionTime,73.45890214497922
TotalExecutionTime,59126.24826279201
