InputGenerationTime,0.16784242202993482
ProfilingTime,13.623726459976751
SimulationTime,438.64425390795805
FramaCExecutionTime,62.749767625995446
TotalExecutionTime,13898.865798503975
