InputGenerationTime,0.36992113500036794
ProfilingTime,14.793775236001238
SimulationTime,3079.804599187999
FramaCExecutionTime,107.32906808700045
TotalExecutionTime,12031.491866827997
