InputGenerationTime,0.18352015601703897
ProfilingTime,12.631487266044132
SimulationTime,1254.857538205979
FramaCExecutionTime,73.45890214497922
TotalExecutionTime,42750.62633230904
