InputGenerationTime,0.02053170499857515
ProfilingTime,12.772227592009585
SimulationTime,1278.6394635769539
FramaCExecutionTime,49.36256294703344
TotalExecutionTime,5213.271275384002
