InputGenerationTime,0.09294258896261454
ProfilingTime,25.733807538985275
SimulationTime,1201.6013341419166
FramaCExecutionTime,72.44099822000135
TotalExecutionTime,5924.371157501009
