InputGenerationTime,0.36992113500036794
ProfilingTime,13.83246233999671
SimulationTime,2889.093236744986
FramaCExecutionTime,107.32906808700045
TotalExecutionTime,94053.67249028801
