InputGenerationTime,0.29413005500100553
ProfilingTime,18.800768621993484
SimulationTime,1376.5760211620072
FramaCExecutionTime,91.28475642201374
TotalExecutionTime,38022.96940880598
