InputGenerationTime,0.1748106989543885
ProfilingTime,14.981982347962912
SimulationTime,423.4115427589859
FramaCExecutionTime,77.10620760498568
TotalExecutionTime,35033.85781732801
