InputGenerationTime,0.14546583700575866
ProfilingTime,16.41916094798944
SimulationTime,778.8602966259932
FramaCExecutionTime,74.77319466500194
TotalExecutionTime,20452.721560356003
