InputGenerationTime,0.04394579504150897
ProfilingTime,21.591731127002276
SimulationTime,795.5058576770825
FramaCExecutionTime,51.4052862690296
TotalExecutionTime,4469.809152675094
