InputGenerationTime,0.02101032598875463
ProfilingTime,12.802156113029923
SimulationTime,252.79823411803227
FramaCExecutionTime,48.771614481986035
TotalExecutionTime,9717.99874097301
