InputGenerationTime,0.11007866600994021
ProfilingTime,23.949544374947436
SimulationTime,3894.535601207055
FramaCExecutionTime,75.16514147992712
TotalExecutionTime,119410.39250441699
