InputGenerationTime,0.150059406994842
ProfilingTime,16.985226984950714
SimulationTime,1277.369522828958
FramaCExecutionTime,74.97603316104505
TotalExecutionTime,46500.66481465599
