InputGenerationTime,0.14546583700575866
ProfilingTime,16.111485049012117
SimulationTime,778.3389384240145
FramaCExecutionTime,74.77319466500194
TotalExecutionTime,24155.366781997
