InputGenerationTime,0.16784242202993482
ProfilingTime,15.870170289010275
SimulationTime,663.0610290630138
FramaCExecutionTime,62.749767625995446
TotalExecutionTime,11676.085999150004
