InputGenerationTime,0.3290693649905734
ProfilingTime,16.904350631986745
SimulationTime,1211.8073436819832
FramaCExecutionTime,93.562849414011
TotalExecutionTime,81329.83887146699
