InputGenerationTime,0.03504894801881164
ProfilingTime,13.174817239050753
SimulationTime,356.3844988140045
FramaCExecutionTime,49.650262785027735
TotalExecutionTime,27254.174779703957
