InputGenerationTime,0.3562486529990565
ProfilingTime,14.022589436004637
SimulationTime,482.77765823400114
FramaCExecutionTime,101.63799356500385
TotalExecutionTime,46908.17711185099
