InputGenerationTime,0.1403015929972753
ProfilingTime,12.698012479988392
SimulationTime,307.15642976004165
FramaCExecutionTime,67.99739167501684
TotalExecutionTime,9992.609787627996
