InputGenerationTime,0.3562486529990565
ProfilingTime,15.958097035007086
SimulationTime,1184.8483414049842
FramaCExecutionTime,101.63799356500385
TotalExecutionTime,54817.124966904
