InputGenerationTime,0.15652003599097952
ProfilingTime,17.400929663010174
SimulationTime,3124.6584179329802
FramaCExecutionTime,78.31167951601674
TotalExecutionTime,13364.328971647017
