InputGenerationTime,0.10734761599451303
ProfilingTime,37.84184243006166
SimulationTime,2448.5355981109897
FramaCExecutionTime,74.86267644702457
TotalExecutionTime,114500.435542566
