InputGenerationTime,0.1403015929972753
ProfilingTime,13.76014898403082
SimulationTime,489.8384618689888
FramaCExecutionTime,67.99739167501684
TotalExecutionTime,17521.184510925028
