InputGenerationTime,0.3562486529990565
ProfilingTime,17.31805053501739
SimulationTime,1176.4155829049996
FramaCExecutionTime,101.63799356500385
TotalExecutionTime,61765.037252144975
