InputGenerationTime,0.04264359700027853
ProfilingTime,12.381015151971951
SimulationTime,265.1925474710297
FramaCExecutionTime,48.98651290300768
TotalExecutionTime,17091.884776297957
