InputGenerationTime,0.18352015601703897
ProfilingTime,13.476768430962693
SimulationTime,1652.118295814027
FramaCExecutionTime,73.45890214497922
TotalExecutionTime,62115.460993346
