InputGenerationTime,0.04394579504150897
ProfilingTime,21.197501129005104
SimulationTime,794.3141123870155
FramaCExecutionTime,51.4052862690296
TotalExecutionTime,7422.566554651014
