InputGenerationTime,0.21834907896118239
ProfilingTime,16.95964258594904
SimulationTime,846.340902203985
FramaCExecutionTime,83.42115977802314
TotalExecutionTime,30421.993502557976
