InputGenerationTime,0.16784242202993482
ProfilingTime,15.908932048012502
SimulationTime,662.2467020209879
FramaCExecutionTime,62.749767625995446
TotalExecutionTime,7383.77110326197
