InputGenerationTime,0.04605658899527043
ProfilingTime,25.257133415085264
SimulationTime,767.681870409986
FramaCExecutionTime,50.800753629999235
TotalExecutionTime,16845.774231984047
