InputGenerationTime,0.150059406994842
ProfilingTime,14.754840850946493
SimulationTime,548.1880197939463
FramaCExecutionTime,74.97603316104505
TotalExecutionTime,48783.941349912
