InputGenerationTime,0.17213920800713822
ProfilingTime,12.875280516978819
SimulationTime,320.34206438600086
FramaCExecutionTime,70.0929242069833
TotalExecutionTime,20858.588348077028
