InputGenerationTime,0.0958440329413861
ProfilingTime,38.09154196595773
SimulationTime,2316.153550160001
FramaCExecutionTime,72.12957090092823
TotalExecutionTime,69791.99124671402
