InputGenerationTime,0.150059406994842
ProfilingTime,14.09399432898499
SimulationTime,484.3979495650274
FramaCExecutionTime,74.97603316104505
TotalExecutionTime,33681.183612478984
