InputGenerationTime,0.04519061098108068
ProfilingTime,15.019814811996184
SimulationTime,66.92814689903753
FramaCExecutionTime,50.35609116801061
TotalExecutionTime,214.44472340797074
