InputGenerationTime,0.2105190139845945
ProfilingTime,16.62716879596701
SimulationTime,2809.4379337610444
FramaCExecutionTime,84.0937273070158
TotalExecutionTime,113210.70671333201
