InputGenerationTime,0.18352015601703897
ProfilingTime,12.65831721801078
SimulationTime,1255.0613985040109
FramaCExecutionTime,73.45890214497922
TotalExecutionTime,41482.967746775015
