InputGenerationTime,0.03649758198298514
ProfilingTime,13.301340556005016
SimulationTime,490.51808186701965
FramaCExecutionTime,49.96223746309988
TotalExecutionTime,13379.091985172941
