InputGenerationTime,0.03344180900603533
ProfilingTime,20.74754850100726
SimulationTime,917.6335725630634
FramaCExecutionTime,50.28500775108114
TotalExecutionTime,28924.372734189034
