InputGenerationTime,0.36992113500036794
ProfilingTime,16.646392934002506
SimulationTime,4801.483368442998
FramaCExecutionTime,107.32906808700045
TotalExecutionTime,42668.661135937
