InputGenerationTime,0.02053170499857515
ProfilingTime,13.114298269036226
SimulationTime,7199.827229154005
FramaCExecutionTime,49.36256294703344
TotalExecutionTime,48478.93739220104
