InputGenerationTime,0.1789411689969711
ProfilingTime,30.049465032992885
SimulationTime,2126.484136836021
FramaCExecutionTime,71.89116228104103
TotalExecutionTime,16168.61347396602
