InputGenerationTime,0.03504894801881164
ProfilingTime,14.596077146939933
SimulationTime,356.7133397349389
FramaCExecutionTime,49.650262785027735
TotalExecutionTime,26234.739959052065
