InputGenerationTime,0.14289244503015652
ProfilingTime,14.043597556999885
SimulationTime,445.3012642280082
FramaCExecutionTime,73.29307201999472
TotalExecutionTime,25915.032421359967
