InputGenerationTime,0.16906677302904427
ProfilingTime,28.457464150851592
SimulationTime,6065.701513944194
FramaCExecutionTime,105.60095329186879
TotalExecutionTime,72640.49810557882
