InputGenerationTime,0.13154517099974328
ProfilingTime,20.682196282003133
SimulationTime,1427.0024839699981
FramaCExecutionTime,97.15951074999975
TotalExecutionTime,64458.802464897
