InputGenerationTime,0.3562486529990565
ProfilingTime,13.759724059986183
SimulationTime,477.9319601019961
FramaCExecutionTime,101.63799356500385
TotalExecutionTime,47857.32769576399
