InputGenerationTime,0.1700858319964027
ProfilingTime,28.229739842005074
SimulationTime,2288.406458521
FramaCExecutionTime,103.24842190599884
TotalExecutionTime,126603.445360572
