InputGenerationTime,0.03649758198298514
ProfilingTime,14.039971757913008
SimulationTime,287.91543187294155
FramaCExecutionTime,49.96223746309988
TotalExecutionTime,18457.994138558977
