InputGenerationTime,0.03344180900603533
ProfilingTime,15.819940736982971
SimulationTime,69.2846141459886
FramaCExecutionTime,50.28500775108114
TotalExecutionTime,24567.32130709896
