InputGenerationTime,0.02101032598875463
ProfilingTime,13.065337934996933
SimulationTime,253.51126965600997
FramaCExecutionTime,48.771614481986035
TotalExecutionTime,8122.559362119995
