InputGenerationTime,0.150059406994842
ProfilingTime,16.185308792977594
SimulationTime,856.1937575929915
FramaCExecutionTime,74.97603316104505
TotalExecutionTime,36673.417926405
