InputGenerationTime,0.3562486529990565
ProfilingTime,16.75304097001208
SimulationTime,1183.023877530999
FramaCExecutionTime,101.63799356500385
TotalExecutionTime,64167.067026492994
