InputGenerationTime,0.36992113500036794
ProfilingTime,17.25275780499942
SimulationTime,4805.190014142001
FramaCExecutionTime,107.32906808700045
TotalExecutionTime,25117.708765991
