InputGenerationTime,0.18352015601703897
ProfilingTime,12.802061301015783
SimulationTime,1256.6503499250393
FramaCExecutionTime,73.45890214497922
TotalExecutionTime,45286.973685906036
