InputGenerationTime,0.31064138998044655
ProfilingTime,13.517923865001649
SimulationTime,450.30536585699883
FramaCExecutionTime,70.61506817897316
TotalExecutionTime,1368.963854583999
