InputGenerationTime,0.17438512202352285
ProfilingTime,13.005621718999464
SimulationTime,1479.9782840039697
FramaCExecutionTime,73.87087842298206
TotalExecutionTime,23358.837790196005
