InputGenerationTime,0.03787670301971957
ProfilingTime,13.782137888018042
SimulationTime,231.92673554300563
FramaCExecutionTime,51.537359822017606
TotalExecutionTime,20530.889314336993
