InputGenerationTime,0.04394579504150897
ProfilingTime,15.444706754991785
SimulationTime,69.51732559199445
FramaCExecutionTime,51.4052862690296
TotalExecutionTime,220.97943419206422
