InputGenerationTime,0.03649758198298514
ProfilingTime,15.209138729958795
SimulationTime,453.2204184769653
FramaCExecutionTime,49.96223746309988
TotalExecutionTime,15497.088725320995
