InputGenerationTime,0.02101032598875463
ProfilingTime,12.842196215991862
SimulationTime,253.07417765603168
FramaCExecutionTime,48.771614481986035
TotalExecutionTime,7855.839200876013
