InputGenerationTime,0.18352015601703897
ProfilingTime,13.848287512024399
SimulationTime,1653.8820990209933
FramaCExecutionTime,73.45890214497922
TotalExecutionTime,54536.50906163099
