InputGenerationTime,0.22238390904385597
ProfilingTime,21.73031620902475
SimulationTime,4809.073206379078
FramaCExecutionTime,104.69010964804329
TotalExecutionTime,9678.15733098099
