InputGenerationTime,0.17213920800713822
ProfilingTime,13.630215743964072
SimulationTime,436.5104267310235
FramaCExecutionTime,70.0929242069833
TotalExecutionTime,22973.406222679012
