InputGenerationTime,0.15652003599097952
ProfilingTime,17.58159667698783
SimulationTime,3103.8581616760057
FramaCExecutionTime,78.31167951601674
TotalExecutionTime,44966.036704753
