InputGenerationTime,0.3992919209995307
ProfilingTime,14.066211754994583
SimulationTime,2818.824661492996
FramaCExecutionTime,106.92807259899564
TotalExecutionTime,119382.74959732301
