InputGenerationTime,0.03344180900603533
ProfilingTime,15.2775967909256
SimulationTime,69.08669268200174
FramaCExecutionTime,50.28500775108114
TotalExecutionTime,24398.1675943
