InputGenerationTime,0.19363364099990577
ProfilingTime,14.774420355039183
SimulationTime,489.67855467199115
FramaCExecutionTime,80.87790378002683
TotalExecutionTime,58334.918950678984
