InputGenerationTime,0.22238390904385597
ProfilingTime,23.68371441308409
SimulationTime,4376.3110433931
FramaCExecutionTime,104.69010964804329
TotalExecutionTime,62561.17058390204
