InputGenerationTime,0.0958440329413861
ProfilingTime,24.5851351210149
SimulationTime,987.4804111599224
FramaCExecutionTime,72.12957090092823
TotalExecutionTime,44817.17333361902
