InputGenerationTime,0.14546583700575866
ProfilingTime,17.29280995100271
SimulationTime,775.6751649299986
FramaCExecutionTime,74.77319466500194
TotalExecutionTime,27642.96400595701
