InputGenerationTime,0.02101032598875463
ProfilingTime,12.67930937296478
SimulationTime,250.83283352199942
FramaCExecutionTime,48.771614481986035
TotalExecutionTime,6800.379592210986
