InputGenerationTime,0.0958440329413861
ProfilingTime,24.772759483079426
SimulationTime,1062.812935790047
FramaCExecutionTime,72.12957090092823
TotalExecutionTime,51552.96718864201
