InputGenerationTime,0.10734761599451303
ProfilingTime,33.533559350064024
SimulationTime,2389.447595629026
FramaCExecutionTime,74.86267644702457
TotalExecutionTime,99561.48422124505
