InputGenerationTime,0.0958440329413861
ProfilingTime,31.549645410035737
SimulationTime,2186.421455490985
FramaCExecutionTime,72.12957090092823
TotalExecutionTime,48280.43221546407
