InputGenerationTime,0.03761291899718344
ProfilingTime,18.86907685699407
SimulationTime,72.98180663399398
FramaCExecutionTime,51.22099144104868
TotalExecutionTime,9281.119288837072
