InputGenerationTime,0.04033761902246624
ProfilingTime,15.93880863499362
SimulationTime,69.13456607004628
FramaCExecutionTime,50.36595385405235
TotalExecutionTime,17400.323879375006
