InputGenerationTime,0.1403015929972753
ProfilingTime,12.818879630998708
SimulationTime,332.1735693090013
FramaCExecutionTime,67.99739167501684
TotalExecutionTime,18371.041593387024
