InputGenerationTime,0.1627644940163009
ProfilingTime,13.644487811019644
SimulationTime,474.3126999119995
FramaCExecutionTime,58.767261137021706
TotalExecutionTime,7264.039805389999
