InputGenerationTime,0.36992113500036794
ProfilingTime,14.335570467999787
SimulationTime,3409.1745144669985
FramaCExecutionTime,107.32906808700045
TotalExecutionTime,54061.261728498
