InputGenerationTime,0.1029826570302248
ProfilingTime,24.979636962991208
SimulationTime,4348.871546739014
FramaCExecutionTime,74.36303333297838
TotalExecutionTime,106538.25495289499
