InputGenerationTime,0.16906677302904427
ProfilingTime,23.478018619818613
SimulationTime,6051.35543032689
FramaCExecutionTime,105.60095329186879
TotalExecutionTime,121749.024925804
