InputGenerationTime,0.16906677302904427
ProfilingTime,27.332359730033204
SimulationTime,6042.886589657981
FramaCExecutionTime,105.60095329186879
TotalExecutionTime,61852.80032111681
