InputGenerationTime,0.04264359700027853
ProfilingTime,12.662040873081423
SimulationTime,266.8558869760018
FramaCExecutionTime,48.98651290300768
TotalExecutionTime,17927.66970824101
