InputGenerationTime,0.10734761599451303
ProfilingTime,35.91242447204422
SimulationTime,2249.532111213077
FramaCExecutionTime,74.86267644702457
TotalExecutionTime,126395.62254719506
