InputGenerationTime,0.23707145699881949
ProfilingTime,24.12935903700418
SimulationTime,1349.812344637001
FramaCExecutionTime,113.60268908800208
TotalExecutionTime,81390.71574525701
