InputGenerationTime,0.15652003599097952
ProfilingTime,15.082742547005182
SimulationTime,2070.83274138
FramaCExecutionTime,78.31167951601674
TotalExecutionTime,30026.055725162005
