InputGenerationTime,0.02053170499857515
ProfilingTime,12.746820728993043
SimulationTime,1276.9651503050118
FramaCExecutionTime,49.36256294703344
TotalExecutionTime,2630.749823893013
