InputGenerationTime,0.2185508770053275
ProfilingTime,14.362485887017101
SimulationTime,699.0280918860226
FramaCExecutionTime,81.13867704098811
TotalExecutionTime,1492.3106909109629
