InputGenerationTime,0.13154517099974328
ProfilingTime,21.33148878400243
SimulationTime,1373.242861138002
FramaCExecutionTime,97.15951074999975
TotalExecutionTime,33958.817204470004
