InputGenerationTime,0.10734761599451303
ProfilingTime,36.94330637506209
SimulationTime,2448.781017126981
FramaCExecutionTime,74.86267644702457
TotalExecutionTime,109596.47826820798
