InputGenerationTime,0.23707145699881949
ProfilingTime,22.872695789003046
SimulationTime,1127.1332384270063
FramaCExecutionTime,113.60268908800208
TotalExecutionTime,72482.30538932301
