InputGenerationTime,0.13672967800016522
ProfilingTime,28.702498842998466
SimulationTime,1767.3117557250007
FramaCExecutionTime,86.47228649099998
TotalExecutionTime,22289.617894185998
