InputGenerationTime,0.04605658899527043
ProfilingTime,16.376441341941245
SimulationTime,72.42113995796535
FramaCExecutionTime,50.800753629999235
TotalExecutionTime,10397.963076438988
