InputGenerationTime,0.02053170499857515
ProfilingTime,12.662909931968898
SimulationTime,1278.1202881269855
FramaCExecutionTime,49.36256294703344
TotalExecutionTime,3921.6969759960193
