InputGenerationTime,0.04519061098108068
ProfilingTime,39.76598827401176
SimulationTime,1189.415207492013
FramaCExecutionTime,50.35609116801061
TotalExecutionTime,5678.216529336001
