InputGenerationTime,0.19363364099990577
ProfilingTime,15.976957076985855
SimulationTime,877.6209709750256
FramaCExecutionTime,80.87790378002683
TotalExecutionTime,57830.290311127
