InputGenerationTime,0.04264359700027853
ProfilingTime,14.296727324952371
SimulationTime,339.80962509207893
FramaCExecutionTime,48.98651290300768
TotalExecutionTime,22058.597124265973
