InputGenerationTime,0.150059406994842
ProfilingTime,14.479370618995745
SimulationTime,554.6991804110003
FramaCExecutionTime,74.97603316104505
TotalExecutionTime,42620.04684123598
