InputGenerationTime,0.3290693649905734
ProfilingTime,16.456994940002915
SimulationTime,1208.7341150160064
FramaCExecutionTime,93.562849414011
TotalExecutionTime,75462.58185168999
