InputGenerationTime,0.22238390904385597
ProfilingTime,30.135666069108993
SimulationTime,5986.185312225018
FramaCExecutionTime,104.69010964804329
TotalExecutionTime,78998.8996763461
