InputGenerationTime,0.3290693649905734
ProfilingTime,17.228402672015363
SimulationTime,1211.3556612840039
FramaCExecutionTime,93.562849414011
TotalExecutionTime,71329.88112067798
