InputGenerationTime,0.17438512202352285
ProfilingTime,12.824965032981709
SimulationTime,1392.1960341530503
FramaCExecutionTime,73.87087842298206
TotalExecutionTime,4290.509122417017
