InputGenerationTime,0.03344180900603533
ProfilingTime,17.576417034957558
SimulationTime,71.50412730500102
FramaCExecutionTime,50.28500775108114
TotalExecutionTime,24656.465110311052
