InputGenerationTime,0.14289244503015652
ProfilingTime,13.825611178006511
SimulationTime,466.8810743659851
FramaCExecutionTime,73.29307201999472
TotalExecutionTime,14453.187357413
