InputGenerationTime,0.03344180900603533
ProfilingTime,14.440072402940132
SimulationTime,67.78989665198606
FramaCExecutionTime,50.28500775108114
TotalExecutionTime,30526.253931249958
