InputGenerationTime,0.04605658899527043
ProfilingTime,26.0397108719917
SimulationTime,906.0159056809498
FramaCExecutionTime,50.800753629999235
TotalExecutionTime,15087.226881489041
