InputGenerationTime,0.1700858319964027
ProfilingTime,28.31982368399622
SimulationTime,2292.112437619013
FramaCExecutionTime,103.24842190599884
TotalExecutionTime,136249.857453638
