InputGenerationTime,0.04519061098108068
ProfilingTime,38.656059846049175
SimulationTime,1188.0490636859322
FramaCExecutionTime,50.35609116801061
TotalExecutionTime,9834.985511597013
