InputGenerationTime,0.02053170499857515
ProfilingTime,13.162542777019553
SimulationTime,7196.9047130320105
FramaCExecutionTime,49.36256294703344
TotalExecutionTime,26846.945427763043
