InputGenerationTime,0.14546583700575866
ProfilingTime,14.488978423003573
SimulationTime,528.5127547429875
FramaCExecutionTime,74.77319466500194
TotalExecutionTime,18048.968792333995
