InputGenerationTime,0.1700858319964027
ProfilingTime,29.681833308000932
SimulationTime,2235.1841444930033
FramaCExecutionTime,103.24842190599884
TotalExecutionTime,111506.864931252
