InputGenerationTime,0.2147221930208616
ProfilingTime,14.961371768033132
SimulationTime,454.59286299999803
FramaCExecutionTime,82.20159398502437
TotalExecutionTime,50705.53810655401
