InputGenerationTime,0.31064138998044655
ProfilingTime,13.706290615984472
SimulationTime,474.8308061619755
FramaCExecutionTime,70.61506817897316
TotalExecutionTime,1857.6607679589943
