InputGenerationTime,0.1789411689969711
ProfilingTime,22.934557428001426
SimulationTime,1170.6381884890143
FramaCExecutionTime,71.89116228104103
TotalExecutionTime,1265.646031281969
