InputGenerationTime,0.17213920800713822
ProfilingTime,12.9140184870339
SimulationTime,301.28713648201665
FramaCExecutionTime,70.0929242069833
TotalExecutionTime,22073.33467460703
