InputGenerationTime,0.17213920800713822
ProfilingTime,12.679305283993017
SimulationTime,307.666433306993
FramaCExecutionTime,70.0929242069833
TotalExecutionTime,19559.856085976993
