InputGenerationTime,0.20275106496410444
ProfilingTime,12.427744876011275
SimulationTime,307.9043030680041
FramaCExecutionTime,72.41087386000436
TotalExecutionTime,29067.66967510502
