InputGenerationTime,0.1700858319964027
ProfilingTime,21.13529962299799
SimulationTime,1526.0941741600109
FramaCExecutionTime,103.24842190599884
TotalExecutionTime,104314.060063151
