InputGenerationTime,0.13154517099974328
ProfilingTime,30.904817798000295
SimulationTime,1582.457926449999
FramaCExecutionTime,97.15951074999975
TotalExecutionTime,39422.287322070006
