InputGenerationTime,0.14289244503015652
ProfilingTime,15.780380651005544
SimulationTime,600.7042615850223
FramaCExecutionTime,73.29307201999472
TotalExecutionTime,24839.90007897897
