InputGenerationTime,0.3290693649905734
ProfilingTime,16.29821782099316
SimulationTime,1209.759604779014
FramaCExecutionTime,93.562849414011
TotalExecutionTime,70101.10873457199
