InputGenerationTime,0.09294258896261454
ProfilingTime,36.83571163797751
SimulationTime,2031.9889045250602
FramaCExecutionTime,72.44099822000135
TotalExecutionTime,39146.61310435098
