InputGenerationTime,0.04605658899527043
ProfilingTime,25.854140050010756
SimulationTime,768.393351315055
FramaCExecutionTime,50.800753629999235
TotalExecutionTime,14155.066730360966
