InputGenerationTime,0.11007866600994021
ProfilingTime,33.163619974046014
SimulationTime,5846.925957544008
FramaCExecutionTime,75.16514147992712
TotalExecutionTime,162230.05739435693
