InputGenerationTime,0.10734761599451303
ProfilingTime,24.33759760693647
SimulationTime,1240.1546375530306
FramaCExecutionTime,74.86267644702457
TotalExecutionTime,94673.74381197197
