InputGenerationTime,0.04394579504150897
ProfilingTime,17.17083445994649
SimulationTime,70.82554100896232
FramaCExecutionTime,51.4052862690296
TotalExecutionTime,1760.2703313870588
