InputGenerationTime,0.29413005500100553
ProfilingTime,17.673152604984352
SimulationTime,1377.8334998259961
FramaCExecutionTime,91.28475642201374
TotalExecutionTime,28240.378956436994
