InputGenerationTime,0.03478576202178374
ProfilingTime,13.111614910012577
SimulationTime,226.84006966097513
FramaCExecutionTime,50.926451303996146
TotalExecutionTime,769.6471526810201
