InputGenerationTime,0.3992919209995307
ProfilingTime,14.039316845999565
SimulationTime,2854.137873966014
FramaCExecutionTime,106.92807259899564
TotalExecutionTime,134962.82988836
