InputGenerationTime,0.16906677302904427
ProfilingTime,22.64430227712728
SimulationTime,5043.613786475966
FramaCExecutionTime,105.60095329186879
TotalExecutionTime,15668.266194887925
