InputGenerationTime,0.04033761902246624
ProfilingTime,21.32583402399905
SimulationTime,749.6777825680329
FramaCExecutionTime,50.36595385405235
TotalExecutionTime,24013.55500981002
