InputGenerationTime,0.1623866810114123
ProfilingTime,16.432374190015253
SimulationTime,824.6894962000079
FramaCExecutionTime,64.39105598500464
TotalExecutionTime,3498.8379429909983
