InputGenerationTime,0.13672967800016522
ProfilingTime,28.490130025000326
SimulationTime,1313.8419283229996
FramaCExecutionTime,86.47228649099998
TotalExecutionTime,7842.383112969
