InputGenerationTime,0.03504894801881164
ProfilingTime,12.274881131015718
SimulationTime,266.2096809670329
FramaCExecutionTime,49.650262785027735
TotalExecutionTime,24656.35477702797
