InputGenerationTime,0.15652003599097952
ProfilingTime,17.576026148017263
SimulationTime,3119.9727632899885
FramaCExecutionTime,78.31167951601674
TotalExecutionTime,33163.78095806102
