InputGenerationTime,0.1403015929972753
ProfilingTime,12.63125385803869
SimulationTime,308.51719365199097
FramaCExecutionTime,67.99739167501684
TotalExecutionTime,10313.901690951025
