InputGenerationTime,0.17213920800713822
ProfilingTime,13.213687963027041
SimulationTime,435.88747352099745
FramaCExecutionTime,70.0929242069833
TotalExecutionTime,27262.873559664993
