InputGenerationTime,0.17438512202352285
ProfilingTime,13.902945924026426
SimulationTime,1967.974356530991
FramaCExecutionTime,73.87087842298206
TotalExecutionTime,29301.10627675499
