InputGenerationTime,0.1623866810114123
ProfilingTime,16.01402753900038
SimulationTime,867.9860038429906
FramaCExecutionTime,64.39105598500464
TotalExecutionTime,10137.723649188003
