InputGenerationTime,0.3992919209995307
ProfilingTime,16.469295279996004
SimulationTime,4216.547388911014
FramaCExecutionTime,106.92807259899564
TotalExecutionTime,112303.241349603
