InputGenerationTime,0.02943142002914101
ProfilingTime,12.438056560931727
SimulationTime,304.2736215229379
FramaCExecutionTime,50.386934716952965
TotalExecutionTime,2977.3286981109995
