InputGenerationTime,0.1627644940163009
ProfilingTime,12.661138193041552
SimulationTime,304.87933342100587
FramaCExecutionTime,58.767261137021706
TotalExecutionTime,376.47383509000065
