InputGenerationTime,0.03504894801881164
ProfilingTime,12.396958261961117
SimulationTime,265.5576223169919
FramaCExecutionTime,49.650262785027735
TotalExecutionTime,24377.72169302404
