InputGenerationTime,0.03344180900603533
ProfilingTime,20.708623819053173
SimulationTime,657.7231034709839
FramaCExecutionTime,50.28500775108114
TotalExecutionTime,27310.983686057036
