InputGenerationTime,0.17438512202352285
ProfilingTime,13.05231649801135
SimulationTime,1490.4209160970058
FramaCExecutionTime,73.87087842298206
TotalExecutionTime,36871.006335768034
