InputGenerationTime,0.14289244503015652
ProfilingTime,16.108841229986865
SimulationTime,601.0760785930324
FramaCExecutionTime,73.29307201999472
TotalExecutionTime,16971.208095891983
