InputGenerationTime,0.2147221930208616
ProfilingTime,16.367771285003982
SimulationTime,840.6872826369945
FramaCExecutionTime,82.20159398502437
TotalExecutionTime,53277.25491780497
