InputGenerationTime,0.16906677302904427
ProfilingTime,24.892026609973982
SimulationTime,5225.0909758550115
FramaCExecutionTime,105.60095329186879
TotalExecutionTime,25849.507411022903
