InputGenerationTime,0.03504894801881164
ProfilingTime,12.651297373929992
SimulationTime,268.4693492669612
FramaCExecutionTime,49.650262785027735
TotalExecutionTime,25494.55120606604
