InputGenerationTime,0.02053170499857515
ProfilingTime,13.109030747029465
SimulationTime,1291.1182401200058
FramaCExecutionTime,49.36256294703344
TotalExecutionTime,105922.58093329403
