InputGenerationTime,0.13154517099974328
ProfilingTime,22.242878005999955
SimulationTime,1795.6263916129974
FramaCExecutionTime,97.15951074999975
TotalExecutionTime,61379.897155723
