InputGenerationTime,0.21834907896118239
ProfilingTime,15.987515020009596
SimulationTime,820.4326242640382
FramaCExecutionTime,83.42115977802314
TotalExecutionTime,35406.433779730985
