InputGenerationTime,0.13672967800016522
ProfilingTime,24.319040758000483
SimulationTime,775.4195710519998
FramaCExecutionTime,86.47228649099998
TotalExecutionTime,16117.812695339999
