InputGenerationTime,0.31064138998044655
ProfilingTime,13.776741544017568
SimulationTime,445.6170486010087
FramaCExecutionTime,70.61506817897316
TotalExecutionTime,10215.128974403982
