InputGenerationTime,0.150059406994842
ProfilingTime,14.274290447996464
SimulationTime,513.5931047140039
FramaCExecutionTime,74.97603316104505
TotalExecutionTime,34209.21234008399
