InputGenerationTime,0.03344180900603533
ProfilingTime,19.98417181498371
SimulationTime,653.801197762019
FramaCExecutionTime,50.28500775108114
TotalExecutionTime,26632.438133054995
