InputGenerationTime,0.04394579504150897
ProfilingTime,21.788794161984697
SimulationTime,794.97579989105
FramaCExecutionTime,51.4052862690296
TotalExecutionTime,3652.5930991020286
