InputGenerationTime,0.03504894801881164
ProfilingTime,12.44079745397903
SimulationTime,268.37527868000325
FramaCExecutionTime,49.650262785027735
TotalExecutionTime,27904.388501493027
