InputGenerationTime,0.1789411689969711
ProfilingTime,27.850324870029
SimulationTime,2129.3482878899667
FramaCExecutionTime,71.89116228104103
TotalExecutionTime,18326.042781858996
