InputGenerationTime,0.1403015929972753
ProfilingTime,12.796296779997647
SimulationTime,315.7515466280165
FramaCExecutionTime,67.99739167501684
TotalExecutionTime,14958.810811060015
