InputGenerationTime,0.02101032598875463
ProfilingTime,12.411771017010324
SimulationTime,252.824885317008
FramaCExecutionTime,48.771614481986035
TotalExecutionTime,12643.826802411
