InputGenerationTime,0.14546583700575866
ProfilingTime,14.091612114978489
SimulationTime,428.1865494399681
FramaCExecutionTime,74.77319466500194
TotalExecutionTime,33107.38671785101
