InputGenerationTime,0.3290693649905734
ProfilingTime,15.829241625004215
SimulationTime,1148.123590859992
FramaCExecutionTime,93.562849414011
TotalExecutionTime,86710.52258110198
