InputGenerationTime,0.16784242202993482
ProfilingTime,15.560929473023862
SimulationTime,662.7950165609946
FramaCExecutionTime,62.749767625995446
TotalExecutionTime,8489.807404187974
