InputGenerationTime,0.02101032598875463
ProfilingTime,12.457182546961121
SimulationTime,249.45634066697676
FramaCExecutionTime,48.771614481986035
TotalExecutionTime,7589.7825871430105
