InputGenerationTime,0.29413005500100553
ProfilingTime,17.679401886009146
SimulationTime,1378.6875224589894
FramaCExecutionTime,91.28475642201374
TotalExecutionTime,31481.39713825198
