InputGenerationTime,0.3290693649905734
ProfilingTime,13.615805116016418
SimulationTime,444.1568198320165
FramaCExecutionTime,93.562849414011
TotalExecutionTime,75920.553335334
