InputGenerationTime,0.16906677302904427
ProfilingTime,29.382637987844646
SimulationTime,6035.173534434056
FramaCExecutionTime,105.60095329186879
TotalExecutionTime,55782.287230674876
