InputGenerationTime,0.13154517099974328
ProfilingTime,21.890469453006517
SimulationTime,1276.6179441979984
FramaCExecutionTime,97.15951074999975
TotalExecutionTime,35257.587459336006
