InputGenerationTime,0.03478576202178374
ProfilingTime,14.100558264006395
SimulationTime,228.47831191599835
FramaCExecutionTime,50.926451303996146
TotalExecutionTime,1252.713467271009
