InputGenerationTime,0.04394579504150897
ProfilingTime,21.02653679891955
SimulationTime,794.8278439479182
FramaCExecutionTime,51.4052862690296
TotalExecutionTime,6432.665979888057
