InputGenerationTime,0.03649758198298514
ProfilingTime,14.79133553802967
SimulationTime,432.4355242799502
FramaCExecutionTime,49.96223746309988
TotalExecutionTime,15944.476771974005
