InputGenerationTime,0.36992113500036794
ProfilingTime,17.24916452000616
SimulationTime,4803.713275058006
FramaCExecutionTime,107.32906808700045
TotalExecutionTime,78141.08509211
