InputGenerationTime,0.2185508770053275
ProfilingTime,16.45753189199604
SimulationTime,802.0236230049632
FramaCExecutionTime,81.13867704098811
TotalExecutionTime,9852.386995690991
