InputGenerationTime,0.17213920800713822
ProfilingTime,12.399132521008141
SimulationTime,280.83322348899674
FramaCExecutionTime,70.0929242069833
TotalExecutionTime,28355.145400242007
