InputGenerationTime,0.04394579504150897
ProfilingTime,18.01357187901158
SimulationTime,72.69370516692288
FramaCExecutionTime,51.4052862690296
TotalExecutionTime,566.2563385490794
