InputGenerationTime,0.3290693649905734
ProfilingTime,16.840240688994527
SimulationTime,1208.8826540939917
FramaCExecutionTime,93.562849414011
TotalExecutionTime,78871.98571110697
