InputGenerationTime,0.2185508770053275
ProfilingTime,16.224175760988146
SimulationTime,801.8096809139824
FramaCExecutionTime,81.13867704098811
TotalExecutionTime,15453.723806466965
