InputGenerationTime,0.04605658899527043
ProfilingTime,25.9743429699447
SimulationTime,767.281375120976
FramaCExecutionTime,50.800753629999235
TotalExecutionTime,12551.679637936992
