InputGenerationTime,0.02101032598875463
ProfilingTime,12.943979643983766
SimulationTime,253.3228343059891
FramaCExecutionTime,48.771614481986035
TotalExecutionTime,12378.447631668998
