InputGenerationTime,0.02053170499857515
ProfilingTime,12.92786969000008
SimulationTime,7198.206176896987
FramaCExecutionTime,49.36256294703344
TotalExecutionTime,55690.237145045015
