InputGenerationTime,0.09294258896261454
ProfilingTime,24.1654129170347
SimulationTime,1124.3568088460015
FramaCExecutionTime,72.44099822000135
TotalExecutionTime,1221.0598084699595
