InputGenerationTime,0.20275106496410444
ProfilingTime,12.529157743032556
SimulationTime,312.5267333970405
FramaCExecutionTime,72.41087386000436
TotalExecutionTime,33431.89021683403
