InputGenerationTime,0.3992919209995307
ProfilingTime,14.038614698001766
SimulationTime,2200.9281847640086
FramaCExecutionTime,106.92807259899564
TotalExecutionTime,99250.90215842101
