InputGenerationTime,0.18352015601703897
ProfilingTime,13.289176245045383
SimulationTime,1639.0839295280166
FramaCExecutionTime,73.45890214497922
TotalExecutionTime,68756.37503846199
