InputGenerationTime,0.23707145699881949
ProfilingTime,20.974066419003066
SimulationTime,1967.708742554998
FramaCExecutionTime,113.60268908800208
TotalExecutionTime,68168.50861881701
