InputGenerationTime,0.15652003599097952
ProfilingTime,17.165818695008056
SimulationTime,3103.1518497579964
FramaCExecutionTime,78.31167951601674
TotalExecutionTime,52145.567441892024
