InputGenerationTime,0.36992113500036794
ProfilingTime,16.99744546799775
SimulationTime,4802.749201972001
FramaCExecutionTime,107.32906808700045
TotalExecutionTime,50637.503635345
