InputGenerationTime,0.1623866810114123
ProfilingTime,14.879202580981655
SimulationTime,464.0806009370135
FramaCExecutionTime,64.39105598500464
TotalExecutionTime,4821.965403345996
