InputGenerationTime,0.31064138998044655
ProfilingTime,13.529789563006489
SimulationTime,451.0458146199817
FramaCExecutionTime,70.61506817897316
TotalExecutionTime,535.5045834899938
