InputGenerationTime,0.04605658899527043
ProfilingTime,15.493603572947904
SimulationTime,69.04035455395933
FramaCExecutionTime,50.800753629999235
TotalExecutionTime,11228.879102961975
