InputGenerationTime,0.3562486529990565
ProfilingTime,17.06772403800278
SimulationTime,1185.4973853359988
FramaCExecutionTime,101.63799356500385
TotalExecutionTime,60571.112763021985
