InputGenerationTime,0.31064138998044655
ProfilingTime,14.115881937992526
SimulationTime,513.0851744130196
FramaCExecutionTime,70.61506817897316
TotalExecutionTime,21219.44596522898
