InputGenerationTime,0.11007866600994021
ProfilingTime,31.597489862935618
SimulationTime,6087.386906487984
FramaCExecutionTime,75.16514147992712
TotalExecutionTime,218096.25266245904
