InputGenerationTime,0.10734761599451303
ProfilingTime,31.989600116037764
SimulationTime,2390.247828518972
FramaCExecutionTime,74.86267644702457
TotalExecutionTime,91111.86070698604
