InputGenerationTime,0.21834907896118239
ProfilingTime,17.01283678994514
SimulationTime,845.6678094009985
FramaCExecutionTime,83.42115977802314
TotalExecutionTime,31284.838492348965
