InputGenerationTime,0.1623866810114123
ProfilingTime,14.91875616001198
SimulationTime,536.0654337379965
FramaCExecutionTime,64.39105598500464
TotalExecutionTime,2657.5544655240083
