InputGenerationTime,0.11007866600994021
ProfilingTime,25.163394859991968
SimulationTime,4480.922661933
FramaCExecutionTime,75.16514147992712
TotalExecutionTime,222602.61029202898
