InputGenerationTime,0.18352015601703897
ProfilingTime,12.746020188962575
SimulationTime,1232.0963362430339
FramaCExecutionTime,73.45890214497922
TotalExecutionTime,51200.06260981702
