InputGenerationTime,0.20275106496410444
ProfilingTime,13.56738962995587
SimulationTime,392.7916877749958
FramaCExecutionTime,72.41087386000436
TotalExecutionTime,33106.68158324098
