InputGenerationTime,0.04033761902246624
ProfilingTime,22.364325404982083
SimulationTime,783.9426159090362
FramaCExecutionTime,50.36595385405235
TotalExecutionTime,18295.640915542026
