InputGenerationTime,0.23707145699881949
ProfilingTime,26.702993885002797
SimulationTime,1617.3356627770117
FramaCExecutionTime,113.60268908800208
TotalExecutionTime,91004.029535634
