InputGenerationTime,0.11007866600994021
ProfilingTime,24.543283569975756
SimulationTime,3694.4951273710467
FramaCExecutionTime,75.16514147992712
TotalExecutionTime,171822.02131625195
