InputGenerationTime,0.11007866600994021
ProfilingTime,38.286164032062516
SimulationTime,5792.526977771078
FramaCExecutionTime,75.16514147992712
TotalExecutionTime,199470.66291087295
