InputGenerationTime,0.2185508770053275
ProfilingTime,15.667562287009787
SimulationTime,668.0559673140524
FramaCExecutionTime,81.13867704098811
TotalExecutionTime,10536.281891348015
