InputGenerationTime,0.3562486529990565
ProfilingTime,14.106932952010538
SimulationTime,518.7465490429895
FramaCExecutionTime,101.63799356500385
TotalExecutionTime,64700.105261183984
