InputGenerationTime,0.11007866600994021
ProfilingTime,22.218562099034898
SimulationTime,3203.9454370440217
FramaCExecutionTime,75.16514147992712
TotalExecutionTime,231330.89141498494
