InputGenerationTime,0.04033761902246624
ProfilingTime,18.419800122035667
SimulationTime,71.98042629205156
FramaCExecutionTime,50.36595385405235
TotalExecutionTime,18561.618996529025
