InputGenerationTime,0.15652003599097952
ProfilingTime,18.165950197988423
SimulationTime,3113.5760811000073
FramaCExecutionTime,78.31167951601674
TotalExecutionTime,24798.157597921003
