InputGenerationTime,0.15652003599097952
ProfilingTime,17.865841355989687
SimulationTime,3122.564380886004
FramaCExecutionTime,78.31167951601674
TotalExecutionTime,16504.964305817004
