InputGenerationTime,0.21834907896118239
ProfilingTime,15.418712749960832
SimulationTime,674.6027976140031
FramaCExecutionTime,83.42115977802314
TotalExecutionTime,28697.036100921978
