InputGenerationTime,0.20275106496410444
ProfilingTime,13.5225908519933
SimulationTime,392.0748456969741
FramaCExecutionTime,72.41087386000436
TotalExecutionTime,30856.221967249992
