InputGenerationTime,0.02943142002914101
ProfilingTime,13.292166672996245
SimulationTime,495.862439194927
FramaCExecutionTime,50.386934716952965
TotalExecutionTime,3995.7477692039683
