InputGenerationTime,0.04394579504150897
ProfilingTime,17.38968045799993
SimulationTime,71.89218570501544
FramaCExecutionTime,51.4052862690296
TotalExecutionTime,6522.061948553077
