InputGenerationTime,0.16906677302904427
ProfilingTime,30.217978879110888
SimulationTime,6116.06211735215
FramaCExecutionTime,105.60095329186879
TotalExecutionTime,127895.61732245586
