InputGenerationTime,0.13672967800016522
ProfilingTime,27.80577861400161
SimulationTime,1434.571307762002
FramaCExecutionTime,86.47228649099998
TotalExecutionTime,23752.245892885
