InputGenerationTime,0.2147221930208616
ProfilingTime,13.907968236017041
SimulationTime,528.7406254009693
FramaCExecutionTime,82.20159398502437
TotalExecutionTime,41899.212497106
