InputGenerationTime,0.1403015929972753
ProfilingTime,12.72922971000662
SimulationTime,302.2183527930174
FramaCExecutionTime,67.99739167501684
TotalExecutionTime,14125.101346902025
