InputGenerationTime,0.3992919209995307
ProfilingTime,17.425118002021918
SimulationTime,4172.075193850003
FramaCExecutionTime,106.92807259899564
TotalExecutionTime,150592.15863569
