InputGenerationTime,0.04605658899527043
ProfilingTime,17.783137760008685
SimulationTime,71.82603619305883
FramaCExecutionTime,50.800753629999235
TotalExecutionTime,11500.085454887943
