InputGenerationTime,0.3562486529990565
ProfilingTime,15.857444267021492
SimulationTime,1112.2826131279871
FramaCExecutionTime,101.63799356500385
TotalExecutionTime,65828.42549837
