InputGenerationTime,0.04605658899527043
ProfilingTime,17.325708169024438
SimulationTime,71.58483356505167
FramaCExecutionTime,50.800753629999235
TotalExecutionTime,15968.44657831802
