InputGenerationTime,0.17438512202352285
ProfilingTime,12.662700105982367
SimulationTime,1270.0859378619934
FramaCExecutionTime,73.87087842298206
TotalExecutionTime,40141.421006950026
