InputGenerationTime,0.36992113500036794
ProfilingTime,14.766776152000602
SimulationTime,3119.9728837680004
FramaCExecutionTime,107.32906808700045
TotalExecutionTime,3242.441804051
