InputGenerationTime,0.3290693649905734
ProfilingTime,17.08592337902519
SimulationTime,1209.5003331149928
FramaCExecutionTime,93.562849414011
TotalExecutionTime,77147.322004505
