InputGenerationTime,0.02053170499857515
ProfilingTime,12.934616471990012
SimulationTime,7202.906610154023
FramaCExecutionTime,49.36256294703344
TotalExecutionTime,62906.240710591024
