InputGenerationTime,0.04033761902246624
ProfilingTime,21.835887475986965
SimulationTime,751.5542931200471
FramaCExecutionTime,50.36595385405235
TotalExecutionTime,21237.52617585496
