InputGenerationTime,0.31064138998044655
ProfilingTime,15.958710487000644
SimulationTime,1358.217934314016
FramaCExecutionTime,70.61506817897316
TotalExecutionTime,22593.795206033974
