InputGenerationTime,0.14289244503015652
ProfilingTime,13.949712936009746
SimulationTime,449.23477980302414
FramaCExecutionTime,73.29307201999472
TotalExecutionTime,15890.08623732801
