InputGenerationTime,0.2185508770053275
ProfilingTime,16.103311482002027
SimulationTime,801.1442866950529
FramaCExecutionTime,81.13867704098811
TotalExecutionTime,8323.198866232997
