InputGenerationTime,0.0958440329413861
ProfilingTime,36.84040675405413
SimulationTime,2311.669788658968
FramaCExecutionTime,72.12957090092823
TotalExecutionTime,65127.189913574024
