InputGenerationTime,0.04033761902246624
ProfilingTime,15.10790615202859
SimulationTime,68.4676763570169
FramaCExecutionTime,50.36595385405235
TotalExecutionTime,17062.620765622007
