InputGenerationTime,0.04394579504150897
ProfilingTime,15.382979569025338
SimulationTime,68.95201672590338
FramaCExecutionTime,51.4052862690296
TotalExecutionTime,305.3595226020552
