InputGenerationTime,0.03344180900603533
ProfilingTime,16.964374704053625
SimulationTime,70.7856357570272
FramaCExecutionTime,50.28500775108114
TotalExecutionTime,29686.08198094205
