InputGenerationTime,0.09294258896261454
ProfilingTime,34.40155811002478
SimulationTime,2054.427274137037
FramaCExecutionTime,72.44099822000135
TotalExecutionTime,15390.099222425022
