InputGenerationTime,0.03761291899718344
ProfilingTime,20.802638029912487
SimulationTime,890.6901351639535
FramaCExecutionTime,51.22099144104868
TotalExecutionTime,11452.351386994007
