InputGenerationTime,0.21834907896118239
ProfilingTime,14.344801023020409
SimulationTime,685.6698239860125
FramaCExecutionTime,83.42115977802314
TotalExecutionTime,20634.141939555993
