InputGenerationTime,0.1748106989543885
ProfilingTime,15.037268279993441
SimulationTime,456.9668659750023
FramaCExecutionTime,77.10620760498568
TotalExecutionTime,33895.52708260302
