InputGenerationTime,0.03787670301971957
ProfilingTime,13.908931243990082
SimulationTime,231.47725029900903
FramaCExecutionTime,51.537359822017606
TotalExecutionTime,18323.40942347201
