InputGenerationTime,0.04394579504150897
ProfilingTime,14.501153668039478
SimulationTime,69.10771323903464
FramaCExecutionTime,51.4052862690296
TotalExecutionTime,7506.284974712064
