InputGenerationTime,0.03761291899718344
ProfilingTime,16.13921383500565
SimulationTime,69.74879919190425
FramaCExecutionTime,51.22099144104868
TotalExecutionTime,7983.171449615038
