InputGenerationTime,0.03504894801881164
ProfilingTime,14.358016556012444
SimulationTime,344.5273613999598
FramaCExecutionTime,49.650262785027735
TotalExecutionTime,29644.82955124299
