InputGenerationTime,0.02101032598875463
ProfilingTime,13.157181816000957
SimulationTime,252.37854767701356
FramaCExecutionTime,48.771614481986035
TotalExecutionTime,8388.242810389027
