InputGenerationTime,0.1748106989543885
ProfilingTime,16.225235641002655
SimulationTime,683.5865245879977
FramaCExecutionTime,77.10620760498568
TotalExecutionTime,37133.49101532
