InputGenerationTime,0.09294258896261454
ProfilingTime,32.34884530596901
SimulationTime,2051.8301129930187
FramaCExecutionTime,72.44099822000135
TotalExecutionTime,17474.52118054207
