InputGenerationTime,0.1627644940163009
ProfilingTime,12.821591955027543
SimulationTime,311.48948864999693
FramaCExecutionTime,58.767261137021706
TotalExecutionTime,1336.0644179800292
