InputGenerationTime,0.03478576202178374
ProfilingTime,14.419386813999154
SimulationTime,227.88828812196152
FramaCExecutionTime,50.926451303996146
TotalExecutionTime,3918.594532624993
