InputGenerationTime,0.02053170499857515
ProfilingTime,13.303654310002457
SimulationTime,1282.747197483026
FramaCExecutionTime,49.36256294703344
TotalExecutionTime,79924.61605731904
