InputGenerationTime,0.23707145699881949
ProfilingTime,25.86958301399136
SimulationTime,1503.3446674830047
FramaCExecutionTime,113.60268908800208
TotalExecutionTime,92533.4807844
