InputGenerationTime,0.02053170499857515
ProfilingTime,13.070798912027385
SimulationTime,7196.568603758002
FramaCExecutionTime,49.36256294703344
TotalExecutionTime,78628.39451528102
