InputGenerationTime,0.20275106496410444
ProfilingTime,13.370189114008099
SimulationTime,396.3047080420074
FramaCExecutionTime,72.41087386000436
TotalExecutionTime,36645.197307544004
