InputGenerationTime,0.2105190139845945
ProfilingTime,15.155972200009273
SimulationTime,2216.733694694005
FramaCExecutionTime,84.0937273070158
TotalExecutionTime,72285.36183943701
