InputGenerationTime,0.1029826570302248
ProfilingTime,24.6244469989324
SimulationTime,3773.196403024951
FramaCExecutionTime,74.36303333297838
TotalExecutionTime,34687.748781451955
