InputGenerationTime,0.1700858319964027
ProfilingTime,25.523196460999316
SimulationTime,1957.8435970159917
FramaCExecutionTime,103.24842190599884
TotalExecutionTime,119570.24484222701
