InputGenerationTime,0.18352015601703897
ProfilingTime,12.35513743996853
SimulationTime,1158.3701319099637
FramaCExecutionTime,73.45890214497922
TotalExecutionTime,74552.46701977402
