InputGenerationTime,0.150059406994842
ProfilingTime,15.939763806003612
SimulationTime,842.9906922910013
FramaCExecutionTime,74.97603316104505
TotalExecutionTime,48220.824072469
