InputGenerationTime,0.1627644940163009
ProfilingTime,14.159465509990696
SimulationTime,448.22963033698034
FramaCExecutionTime,58.767261137021706
TotalExecutionTime,6775.9337518410175
