InputGenerationTime,0.14289244503015652
ProfilingTime,16.120959802006837
SimulationTime,601.6925570219755
FramaCExecutionTime,73.29307201999472
TotalExecutionTime,19300.476658677973
