InputGenerationTime,0.16906677302904427
ProfilingTime,23.316541451960802
SimulationTime,4907.3412145280745
FramaCExecutionTime,105.60095329186879
TotalExecutionTime,20599.22679751087
