InputGenerationTime,0.04519061098108068
ProfilingTime,41.44003345398232
SimulationTime,819.464406967978
FramaCExecutionTime,50.35609116801061
TotalExecutionTime,1410.351024419011
