InputGenerationTime,0.150059406994842
ProfilingTime,14.80668107495876
SimulationTime,555.753245964006
FramaCExecutionTime,74.97603316104505
TotalExecutionTime,35800.88191367398
