InputGenerationTime,0.1403015929972753
ProfilingTime,13.95927329204278
SimulationTime,490.8950170549797
FramaCExecutionTime,67.99739167501684
TotalExecutionTime,14630.103930910991
