InputGenerationTime,0.2185508770053275
ProfilingTime,14.16962160996627
SimulationTime,682.8265099159908
FramaCExecutionTime,81.13867704098811
TotalExecutionTime,2189.4747699960135
