InputGenerationTime,0.14289244503015652
ProfilingTime,16.464617098972667
SimulationTime,601.1495861230069
FramaCExecutionTime,73.29307201999472
TotalExecutionTime,17588.988110742997
