InputGenerationTime,0.18352015601703897
ProfilingTime,13.918110967963003
SimulationTime,1632.1887028909987
FramaCExecutionTime,73.45890214497922
TotalExecutionTime,63761.77255942504
