InputGenerationTime,0.09294258896261454
ProfilingTime,25.340965540031902
SimulationTime,996.5397901270771
FramaCExecutionTime,72.44099822000135
TotalExecutionTime,4696.834962261957
