InputGenerationTime,0.0958440329413861
ProfilingTime,24.73359471198637
SimulationTime,1490.6144661259605
FramaCExecutionTime,72.12957090092823
TotalExecutionTime,78727.96469590405
