InputGenerationTime,0.14546583700575866
ProfilingTime,14.756118630990386
SimulationTime,560.3888702959812
FramaCExecutionTime,74.77319466500194
TotalExecutionTime,19657.276583399012
