InputGenerationTime,0.3562486529990565
ProfilingTime,16.771595300000627
SimulationTime,1183.565832060005
FramaCExecutionTime,101.63799356500385
TotalExecutionTime,53616.13198746898
