InputGenerationTime,0.23707145699881949
ProfilingTime,25.76202313900285
SimulationTime,1482.827253430005
FramaCExecutionTime,113.60268908800208
TotalExecutionTime,86335.96959249
