InputGenerationTime,0.04519061098108068
ProfilingTime,17.143830182030797
SimulationTime,69.05685238004662
FramaCExecutionTime,50.35609116801061
TotalExecutionTime,1756.990635361988
