InputGenerationTime,0.23707145699881949
ProfilingTime,24.819553893990815
SimulationTime,1350.8593617050064
FramaCExecutionTime,113.60268908800208
TotalExecutionTime,83761.62390499101
