InputGenerationTime,0.17213920800713822
ProfilingTime,13.535972110985313
SimulationTime,436.5586821679608
FramaCExecutionTime,70.0929242069833
TotalExecutionTime,21758.98119475902
