InputGenerationTime,0.1403015929972753
ProfilingTime,13.642485865973867
SimulationTime,489.60948501102393
FramaCExecutionTime,67.99739167501684
TotalExecutionTime,15462.21388423699
