InputGenerationTime,0.0958440329413861
ProfilingTime,23.613265831023455
SimulationTime,1108.9055020490196
FramaCExecutionTime,72.12957090092823
TotalExecutionTime,41326.39959025197
