InputGenerationTime,0.14289244503015652
ProfilingTime,15.801937262993306
SimulationTime,603.1667334189988
FramaCExecutionTime,73.29307201999472
TotalExecutionTime,19919.620688316994
