InputGenerationTime,0.29413005500100553
ProfilingTime,13.47037034801906
SimulationTime,454.459916257998
FramaCExecutionTime,91.28475642201374
TotalExecutionTime,23573.938202991994
