InputGenerationTime,0.16784242202993482
ProfilingTime,15.884364807978272
SimulationTime,662.372294530971
FramaCExecutionTime,62.749767625995446
TotalExecutionTime,12354.51369058498
