InputGenerationTime,0.04605658899527043
ProfilingTime,15.194309451966546
SimulationTime,71.83875411900226
FramaCExecutionTime,50.800753629999235
TotalExecutionTime,10225.763298113015
