InputGenerationTime,0.14546583700575866
ProfilingTime,14.755233753996436
SimulationTime,559.1315337190172
FramaCExecutionTime,74.77319466500194
TotalExecutionTime,26032.714759958995
