InputGenerationTime,0.03787670301971957
ProfilingTime,13.895522244041786
SimulationTime,231.33773090998875
FramaCExecutionTime,51.537359822017606
TotalExecutionTime,19300.655425594014
