InputGenerationTime,0.3290693649905734
ProfilingTime,17.05910951300757
SimulationTime,1210.869036109012
FramaCExecutionTime,93.562849414011
TotalExecutionTime,74237.19632136199
