InputGenerationTime,0.13672967800016522
ProfilingTime,27.416338480001286
SimulationTime,1433.3515581959982
FramaCExecutionTime,86.47228649099998
TotalExecutionTime,17578.779961587
