InputGenerationTime,0.21834907896118239
ProfilingTime,15.673996888042893
SimulationTime,738.6880993880332
FramaCExecutionTime,83.42115977802314
TotalExecutionTime,21388.674861908017
