InputGenerationTime,0.03478576202178374
ProfilingTime,14.038006264017895
SimulationTime,226.7439280000399
FramaCExecutionTime,50.926451303996146
TotalExecutionTime,4401.844739868015
