InputGenerationTime,0.10734761599451303
ProfilingTime,24.798262235010043
SimulationTime,1099.6037376989843
FramaCExecutionTime,74.86267644702457
TotalExecutionTime,87212.573983068
