InputGenerationTime,0.03478576202178374
ProfilingTime,13.924246608978137
SimulationTime,227.99627148499712
FramaCExecutionTime,50.926451303996146
TotalExecutionTime,3676.14971760998
