InputGenerationTime,0.13154517099974328
ProfilingTime,27.59222855600092
SimulationTime,1462.2697432970017
FramaCExecutionTime,97.15951074999975
TotalExecutionTime,48316.955851352
