InputGenerationTime,0.17213920800713822
ProfilingTime,12.702735837025102
SimulationTime,332.34659352799645
FramaCExecutionTime,70.0929242069833
TotalExecutionTime,27608.07928826002
