InputGenerationTime,0.17438512202352285
ProfilingTime,14.148190341016743
SimulationTime,1971.4293810990057
FramaCExecutionTime,73.87087842298206
TotalExecutionTime,16511.084901967028
