InputGenerationTime,0.03649758198298514
ProfilingTime,14.593832623912022
SimulationTime,448.10228876094334
FramaCExecutionTime,49.96223746309988
TotalExecutionTime,16407.330165514024
