InputGenerationTime,0.15652003599097952
ProfilingTime,17.037704148999183
SimulationTime,3101.8714105869876
FramaCExecutionTime,78.31167951601674
TotalExecutionTime,38705.222033621016
