InputGenerationTime,0.13672967800016522
ProfilingTime,21.854259745000036
SimulationTime,928.7216659830001
FramaCExecutionTime,86.47228649099998
TotalExecutionTime,1037.1902416
