InputGenerationTime,0.03649758198298514
ProfilingTime,12.21302889205981
SimulationTime,306.74448959401343
FramaCExecutionTime,49.96223746309988
TotalExecutionTime,9761.728305154946
