InputGenerationTime,0.03344180900603533
ProfilingTime,20.13796674797777
SimulationTime,653.5896849540295
FramaCExecutionTime,50.28500775108114
TotalExecutionTime,29598.215992804035
