InputGenerationTime,0.1700858319964027
ProfilingTime,29.243623251997633
SimulationTime,2295.5237204239966
FramaCExecutionTime,103.24842190599884
TotalExecutionTime,128928.48277506701
