InputGenerationTime,0.03787670301971957
ProfilingTime,12.977375432965346
SimulationTime,229.02113687898964
FramaCExecutionTime,51.537359822017606
TotalExecutionTime,17106.021237851004
