InputGenerationTime,0.1623866810114123
ProfilingTime,16.541482076980174
SimulationTime,871.2419082059932
FramaCExecutionTime,64.39105598500464
TotalExecutionTime,11861.610612376011
