InputGenerationTime,0.03761291899718344
ProfilingTime,20.848736464977264
SimulationTime,892.3904897440225
FramaCExecutionTime,51.22099144104868
TotalExecutionTime,12365.713259359007
