InputGenerationTime,0.1700858319964027
ProfilingTime,26.129596056998707
SimulationTime,1958.954136594999
FramaCExecutionTime,103.24842190599884
TotalExecutionTime,109241.714680676
