InputGenerationTime,0.3992919209995307
ProfilingTime,16.781886673998088
SimulationTime,4171.442994940997
FramaCExecutionTime,106.92807259899564
TotalExecutionTime,146402.40941432602
