InputGenerationTime,0.09294258896261454
ProfilingTime,24.896233491017483
SimulationTime,1505.7593021420762
FramaCExecutionTime,72.44099822000135
TotalExecutionTime,37077.576222312055
