InputGenerationTime,0.1403015929972753
ProfilingTime,14.27651102503296
SimulationTime,492.3663543679868
FramaCExecutionTime,67.99739167501684
TotalExecutionTime,15969.015344778018
