InputGenerationTime,0.03478576202178374
ProfilingTime,14.05848559399601
SimulationTime,226.7185124809621
FramaCExecutionTime,50.926451303996146
TotalExecutionTime,5368.107846569037
