InputGenerationTime,0.14289244503015652
ProfilingTime,15.114116352982819
SimulationTime,448.48858295200625
FramaCExecutionTime,73.29307201999472
TotalExecutionTime,16353.86047063698
