InputGenerationTime,0.29413005500100553
ProfilingTime,13.787018678995082
SimulationTime,434.56073604000267
FramaCExecutionTime,91.28475642201374
TotalExecutionTime,28688.920550919982
