InputGenerationTime,0.17438512202352285
ProfilingTime,12.96834191295784
SimulationTime,1368.6918937420123
FramaCExecutionTime,73.87087842298206
TotalExecutionTime,19877.88074877404
