InputGenerationTime,0.04394579504150897
ProfilingTime,17.3502791140927
SimulationTime,71.1985852450598
FramaCExecutionTime,51.4052862690296
TotalExecutionTime,1934.9085791370599
