InputGenerationTime,0.02943142002914101
ProfilingTime,12.911907081026584
SimulationTime,456.7351386320079
FramaCExecutionTime,50.386934716952965
TotalExecutionTime,8454.016139870044
