InputGenerationTime,0.14289244503015652
ProfilingTime,15.694216053001583
SimulationTime,599.771040778025
FramaCExecutionTime,73.29307201999472
TotalExecutionTime,25455.52885437
