InputGenerationTime,0.04519061098108068
ProfilingTime,15.146323099033907
SimulationTime,68.45166975399479
FramaCExecutionTime,50.35609116801061
TotalExecutionTime,1840.6359310779953
