InputGenerationTime,0.04394579504150897
ProfilingTime,15.517544421018101
SimulationTime,69.38962265907321
FramaCExecutionTime,51.4052862690296
TotalExecutionTime,6607.014753743075
