InputGenerationTime,0.04264359700027853
ProfilingTime,13.403073330991901
SimulationTime,358.3649160140194
FramaCExecutionTime,48.98651290300768
TotalExecutionTime,18299.585082506994
