InputGenerationTime,0.04605658899527043
ProfilingTime,18.258785166894086
SimulationTime,72.76945829100441
FramaCExecutionTime,50.800753629999235
TotalExecutionTime,11410.433766636997
