InputGenerationTime,0.36992113500036794
ProfilingTime,14.457782191999286
SimulationTime,3069.8422320479986
FramaCExecutionTime,107.32906808700045
TotalExecutionTime,28202.252036779
