InputGenerationTime,0.2147221930208616
ProfilingTime,13.870965645008255
SimulationTime,547.8086928950506
FramaCExecutionTime,82.20159398502437
TotalExecutionTime,42461.055477102986
