InputGenerationTime,0.02943142002914101
ProfilingTime,12.54112097597681
SimulationTime,305.1506687789224
FramaCExecutionTime,50.386934716952965
TotalExecutionTime,1004.1198108260287
