InputGenerationTime,0.15652003599097952
ProfilingTime,19.016971438017208
SimulationTime,3100.519925870991
FramaCExecutionTime,78.31167951601674
TotalExecutionTime,60740.62225086702
