InputGenerationTime,0.3992919209995307
ProfilingTime,17.00390907700057
SimulationTime,4224.296611632977
FramaCExecutionTime,106.92807259899564
TotalExecutionTime,139204.355484895
