InputGenerationTime,0.03787670301971957
ProfilingTime,13.976930283010006
SimulationTime,231.073331926018
FramaCExecutionTime,51.537359822017606
TotalExecutionTime,18568.59914547298
