InputGenerationTime,0.04033761902246624
ProfilingTime,16.969750738004223
SimulationTime,70.49820927297696
FramaCExecutionTime,50.36595385405235
TotalExecutionTime,18820.670126696
