InputGenerationTime,0.1403015929972753
ProfilingTime,13.88947856897721
SimulationTime,490.68248159700306
FramaCExecutionTime,67.99739167501684
TotalExecutionTime,16473.749482740997
