InputGenerationTime,0.02101032598875463
ProfilingTime,12.818574253004044
SimulationTime,252.73353575199144
FramaCExecutionTime,48.771614481986035
TotalExecutionTime,10514.942436773039
