InputGenerationTime,0.04264359700027853
ProfilingTime,12.435389991966076
SimulationTime,266.2669198199874
FramaCExecutionTime,48.98651290300768
TotalExecutionTime,20336.200562707032
