InputGenerationTime,0.17213920800713822
ProfilingTime,14.961504529986996
SimulationTime,438.5591735620401
FramaCExecutionTime,70.0929242069833
TotalExecutionTime,28061.753928788006
