InputGenerationTime,0.1789411689969711
ProfilingTime,31.824235307984054
SimulationTime,2391.0066721140174
FramaCExecutionTime,71.89116228104103
TotalExecutionTime,25306.84833883599
