InputGenerationTime,0.150059406994842
ProfilingTime,14.085856635996606
SimulationTime,483.00460539897904
FramaCExecutionTime,74.97603316104505
TotalExecutionTime,34706.46772289599
