InputGenerationTime,0.22238390904385597
ProfilingTime,27.720148190041073
SimulationTime,5690.9359941550065
FramaCExecutionTime,104.69010964804329
TotalExecutionTime,29603.35475959303
