InputGenerationTime,0.03761291899718344
ProfilingTime,21.8566638790071
SimulationTime,918.0775733519113
FramaCExecutionTime,51.22099144104868
TotalExecutionTime,9013.422670896049
