InputGenerationTime,0.1029826570302248
ProfilingTime,23.964269947027788
SimulationTime,3750.9790622270666
FramaCExecutionTime,74.36303333297838
TotalExecutionTime,3849.412577899988
