InputGenerationTime,0.3992919209995307
ProfilingTime,16.461025194003014
SimulationTime,4217.196861719014
FramaCExecutionTime,106.92807259899564
TotalExecutionTime,132094.408828068
