InputGenerationTime,0.09294258896261454
ProfilingTime,37.18550323403906
SimulationTime,2218.4592784240376
FramaCExecutionTime,72.44099822000135
TotalExecutionTime,33422.16758410307
