InputGenerationTime,0.04519061098108068
ProfilingTime,15.684384534950368
SimulationTime,68.89679096604232
FramaCExecutionTime,50.35609116801061
TotalExecutionTime,8608.238703193027
