InputGenerationTime,0.17213920800713822
ProfilingTime,12.628326061996631
SimulationTime,307.3215211239876
FramaCExecutionTime,70.0929242069833
TotalExecutionTime,19879.952916557027
