InputGenerationTime,0.1029826570302248
ProfilingTime,30.907260022941045
SimulationTime,5770.133158844896
FramaCExecutionTime,74.36303333297838
TotalExecutionTime,25195.898651037016
