InputGenerationTime,0.3562486529990565
ProfilingTime,16.489340058993548
SimulationTime,1183.228616804001
FramaCExecutionTime,101.63799356500385
TotalExecutionTime,56469.09603572899
