InputGenerationTime,0.2105190139845945
ProfilingTime,17.245974680990912
SimulationTime,2802.337183546042
FramaCExecutionTime,84.0937273070158
TotalExecutionTime,104051.69007292503
