InputGenerationTime,0.2147221930208616
ProfilingTime,15.76833746000193
SimulationTime,837.7393579279887
FramaCExecutionTime,82.20159398502437
TotalExecutionTime,55608.45319765201
