InputGenerationTime,0.02943142002914101
ProfilingTime,14.11159891798161
SimulationTime,445.83462278405204
FramaCExecutionTime,50.386934716952965
TotalExecutionTime,6115.960672097979
