InputGenerationTime,0.03649758198298514
ProfilingTime,14.128808473004028
SimulationTime,446.54142067197245
FramaCExecutionTime,49.96223746309988
TotalExecutionTime,17371.48615256499
