InputGenerationTime,0.04264359700027853
ProfilingTime,12.373081327066757
SimulationTime,265.54531812598
FramaCExecutionTime,48.98651290300768
TotalExecutionTime,17369.950144828996
