InputGenerationTime,0.21834907896118239
ProfilingTime,16.13241892599035
SimulationTime,845.3675761549966
FramaCExecutionTime,83.42115977802314
TotalExecutionTime,33016.36154732498
