InputGenerationTime,0.23707145699881949
ProfilingTime,22.48411587800365
SimulationTime,1042.8046991879964
FramaCExecutionTime,113.60268908800208
TotalExecutionTime,84827.152746651
