InputGenerationTime,0.02053170499857515
ProfilingTime,13.075042470998596
SimulationTime,7204.606245811039
FramaCExecutionTime,49.36256294703344
TotalExecutionTime,70124.09393110202
