InputGenerationTime,0.16906677302904427
ProfilingTime,22.93679079087451
SimulationTime,5351.906877977075
FramaCExecutionTime,105.60095329186879
TotalExecutionTime,10601.682052352
