InputGenerationTime,0.02053170499857515
ProfilingTime,13.69714067701716
SimulationTime,7429.919610248995
FramaCExecutionTime,49.36256294703344
TotalExecutionTime,96046.419311687
