InputGenerationTime,0.22238390904385597
ProfilingTime,22.1014430669602
SimulationTime,4670.459340254078
FramaCExecutionTime,104.69010964804329
TotalExecutionTime,19114.57994700398
