InputGenerationTime,0.11007866600994021
ProfilingTime,43.281412653042935
SimulationTime,6613.005577082047
FramaCExecutionTime,75.16514147992712
TotalExecutionTime,206127.21020675905
