InputGenerationTime,0.14289244503015652
ProfilingTime,16.450104899005964
SimulationTime,601.1051902599866
FramaCExecutionTime,73.29307201999472
TotalExecutionTime,22640.637069788005
