InputGenerationTime,0.04033761902246624
ProfilingTime,21.354169412050396
SimulationTime,762.407958760974
FramaCExecutionTime,50.36595385405235
TotalExecutionTime,19689.406130435993
