InputGenerationTime,0.18352015601703897
ProfilingTime,12.922912071982864
SimulationTime,1316.9263070469606
FramaCExecutionTime,73.45890214497922
TotalExecutionTime,46616.995900875016
