InputGenerationTime,0.02943142002914101
ProfilingTime,12.477832884062082
SimulationTime,305.5078233629465
FramaCExecutionTime,50.386934716952965
TotalExecutionTime,368.4052860509837
