InputGenerationTime,0.04519061098108068
ProfilingTime,18.363110088044778
SimulationTime,70.62845131498761
FramaCExecutionTime,50.35609116801061
TotalExecutionTime,1670.7460579340113
