InputGenerationTime,0.150059406994842
ProfilingTime,17.75521968997782
SimulationTime,841.3250415810035
FramaCExecutionTime,74.97603316104505
TotalExecutionTime,49643.176865707006
