InputGenerationTime,0.11007866600994021
ProfilingTime,37.81090965203475
SimulationTime,5811.7211253850255
FramaCExecutionTime,75.16514147992712
TotalExecutionTime,211977.01039773296
