InputGenerationTime,0.2185508770053275
ProfilingTime,14.785013557004277
SimulationTime,667.2662199340411
FramaCExecutionTime,81.13867704098811
TotalExecutionTime,5882.363753315003
