InputGenerationTime,0.1700858319964027
ProfilingTime,20.65261900400219
SimulationTime,1525.1389794179995
FramaCExecutionTime,103.24842190599884
TotalExecutionTime,100715.191051564
