InputGenerationTime,0.17438512202352285
ProfilingTime,13.714884074986912
SimulationTime,1971.5971909289947
FramaCExecutionTime,73.87087842298206
TotalExecutionTime,9175.641188665002
