InputGenerationTime,0.11007866600994021
ProfilingTime,37.35112248396035
SimulationTime,5464.267156989896
FramaCExecutionTime,75.16514147992712
TotalExecutionTime,228104.46603338094
