InputGenerationTime,0.23707145699881949
ProfilingTime,21.527454990995466
SimulationTime,1535.9833708870137
FramaCExecutionTime,113.60268908800208
TotalExecutionTime,71332.03873043001
