InputGenerationTime,0.19363364099990577
ProfilingTime,14.205724045983516
SimulationTime,492.118060054956
FramaCExecutionTime,80.87790378002683
TotalExecutionTime,51731.503441854
