InputGenerationTime,0.14546583700575866
ProfilingTime,16.316764871997293
SimulationTime,800.6362249520025
FramaCExecutionTime,74.77319466500194
TotalExecutionTime,26849.823915300018
