InputGenerationTime,0.03344180900603533
ProfilingTime,15.975619718898088
SimulationTime,69.43330328399315
FramaCExecutionTime,50.28500775108114
TotalExecutionTime,25958.607947843964
