InputGenerationTime,0.18352015601703897
ProfilingTime,13.572399029973894
SimulationTime,1641.2627187040052
FramaCExecutionTime,73.45890214497922
TotalExecutionTime,65416.80327816302
