InputGenerationTime,0.09294258896261454
ProfilingTime,22.445547209936194
SimulationTime,952.1560922520002
FramaCExecutionTime,72.44099822000135
TotalExecutionTime,40121.42716572597
