InputGenerationTime,0.1748106989543885
ProfilingTime,13.901665831974242
SimulationTime,464.69800795597257
FramaCExecutionTime,77.10620760498568
TotalExecutionTime,27524.410297363007
