InputGenerationTime,0.3992919209995307
ProfilingTime,14.345827598997857
SimulationTime,3036.5807691509835
FramaCExecutionTime,106.92807259899564
TotalExecutionTime,170384.450263387
