InputGenerationTime,0.04394579504150897
ProfilingTime,21.498713804990984
SimulationTime,1125.2655533270445
FramaCExecutionTime,51.4052862690296
TotalExecutionTime,5616.689743342111
