InputGenerationTime,0.11007866600994021
ProfilingTime,31.066659342031926
SimulationTime,5841.309896984021
FramaCExecutionTime,75.16514147992712
TotalExecutionTime,168102.70907392004
