InputGenerationTime,0.16906677302904427
ProfilingTime,21.6745018879883
SimulationTime,5099.080612795195
FramaCExecutionTime,105.60095329186879
TotalExecutionTime,5226.52854725183
