InputGenerationTime,0.1700858319964027
ProfilingTime,27.41234232998977
SimulationTime,1958.446163494009
FramaCExecutionTime,103.24842190599884
TotalExecutionTime,117586.612173218
