InputGenerationTime,0.03504894801881164
ProfilingTime,13.339088547043502
SimulationTime,355.2347636600025
FramaCExecutionTime,49.650262785027735
TotalExecutionTime,25863.27245674201
