InputGenerationTime,0.20275106496410444
ProfilingTime,12.407562066975515
SimulationTime,281.8495273209992
FramaCExecutionTime,72.41087386000436
TotalExecutionTime,36939.60274207301
