InputGenerationTime,0.150059406994842
ProfilingTime,13.82745977200102
SimulationTime,425.8157358629978
FramaCExecutionTime,74.97603316104505
TotalExecutionTime,50082.98750559802
