InputGenerationTime,0.18352015601703897
ProfilingTime,12.840874060988426
SimulationTime,1310.417962862004
FramaCExecutionTime,73.45890214497922
TotalExecutionTime,60449.691608679015
