InputGenerationTime,0.11007866600994021
ProfilingTime,24.9664423300419
SimulationTime,3617.090102971997
FramaCExecutionTime,75.16514147992712
TotalExecutionTime,130739.79157908703
