InputGenerationTime,0.02101032598875463
ProfilingTime,13.084001904004253
SimulationTime,253.45027411403134
FramaCExecutionTime,48.771614481986035
TotalExecutionTime,10781.621438478993
