InputGenerationTime,0.03478576202178374
ProfilingTime,14.34763254004065
SimulationTime,227.85072223900352
FramaCExecutionTime,50.926451303996146
TotalExecutionTime,4160.923527921026
