InputGenerationTime,0.3562486529990565
ProfilingTime,13.784284046996618
SimulationTime,438.0940687059774
FramaCExecutionTime,101.63799356500385
TotalExecutionTime,55269.20212168398
