InputGenerationTime,0.31064138998044655
ProfilingTime,17.497543509991374
SimulationTime,1407.4111258249904
FramaCExecutionTime,70.61506817897316
TotalExecutionTime,17822.235840520996
