InputGenerationTime,0.36992113500036794
ProfilingTime,17.147504248001496
SimulationTime,4802.820475786997
FramaCExecutionTime,107.32906808700045
TotalExecutionTime,82961.302540685
