InputGenerationTime,0.0958440329413861
ProfilingTime,31.502735171001405
SimulationTime,2185.9920197509928
FramaCExecutionTime,72.12957090092823
TotalExecutionTime,58335.66443149804
