InputGenerationTime,0.17438512202352285
ProfilingTime,13.010903534013778
SimulationTime,1364.098911795998
FramaCExecutionTime,73.87087842298206
TotalExecutionTime,12538.325836062024
