InputGenerationTime,0.1029826570302248
ProfilingTime,35.95347021694761
SimulationTime,5758.619555271929
FramaCExecutionTime,74.36303333297838
TotalExecutionTime,96233.32365544094
