InputGenerationTime,0.2147221930208616
ProfilingTime,15.954883596044965
SimulationTime,840.322826130956
FramaCExecutionTime,82.20159398502437
TotalExecutionTime,51561.97150513501
