InputGenerationTime,0.10734761599451303
ProfilingTime,43.52577361103613
SimulationTime,2864.4023553259904
FramaCExecutionTime,74.86267644702457
TotalExecutionTime,117408.59050331498
