InputGenerationTime,0.02053170499857515
ProfilingTime,12.933535696996842
SimulationTime,1276.689860545972
FramaCExecutionTime,49.36256294703344
TotalExecutionTime,104618.17973006802
