InputGenerationTime,0.04264359700027853
ProfilingTime,13.924703311990015
SimulationTime,340.9194299420342
FramaCExecutionTime,48.98651290300768
TotalExecutionTime,22787.543250960996
