InputGenerationTime,0.03787670301971957
ProfilingTime,13.554925922013354
SimulationTime,231.8608208919759
FramaCExecutionTime,51.537359822017606
TotalExecutionTime,19791.198277724034
