InputGenerationTime,0.15652003599097952
ProfilingTime,18.083747347001918
SimulationTime,3120.8842402530136
FramaCExecutionTime,78.31167951601674
TotalExecutionTime,41844.38985012603
