InputGenerationTime,0.2185508770053275
ProfilingTime,16.793598197982647
SimulationTime,797.3863167759846
FramaCExecutionTime,81.13867704098811
TotalExecutionTime,7505.784882361011
