InputGenerationTime,0.04264359700027853
ProfilingTime,12.35495432803873
SimulationTime,265.5635689359624
FramaCExecutionTime,48.98651290300768
TotalExecutionTime,17648.01131929399
