InputGenerationTime,0.14546583700575866
ProfilingTime,16.807812857994577
SimulationTime,778.4369605119864
FramaCExecutionTime,74.77319466500194
TotalExecutionTime,25458.661040395004
