InputGenerationTime,0.1627644940163009
ProfilingTime,12.996804572001565
SimulationTime,312.51266280398704
FramaCExecutionTime,58.767261137021706
TotalExecutionTime,5387.138631955022
