InputGenerationTime,0.20275106496410444
ProfilingTime,13.340748702990822
SimulationTime,413.8432252909988
FramaCExecutionTime,72.41087386000436
TotalExecutionTime,35077.518936608976
