InputGenerationTime,0.13154517099974328
ProfilingTime,21.290959247999126
SimulationTime,1373.5416246799978
FramaCExecutionTime,97.15951074999975
TotalExecutionTime,30949.382554437
