InputGenerationTime,0.1748106989543885
ProfilingTime,15.67297812900506
SimulationTime,652.7423040260328
FramaCExecutionTime,77.10620760498568
TotalExecutionTime,40807.108880075975
