InputGenerationTime,0.04033761902246624
ProfilingTime,21.796033596037887
SimulationTime,1040.1895746979862
FramaCExecutionTime,50.36595385405235
TotalExecutionTime,22299.62574655097
