InputGenerationTime,0.03344180900603533
ProfilingTime,18.230228887056
SimulationTime,72.52461146994028
FramaCExecutionTime,50.28500775108114
TotalExecutionTime,25611.95001431601
