InputGenerationTime,0.14289244503015652
ProfilingTime,16.422369578969665
SimulationTime,947.5535239900346
FramaCExecutionTime,73.29307201999472
TotalExecutionTime,24223.244996108
