InputGenerationTime,0.3290693649905734
ProfilingTime,13.731723088014405
SimulationTime,491.0968163939833
FramaCExecutionTime,93.562849414011
TotalExecutionTime,68365.97215273397
