InputGenerationTime,0.14546583700575866
ProfilingTime,17.20585120501346
SimulationTime,778.8835482540017
FramaCExecutionTime,74.77319466500194
TotalExecutionTime,23360.743123911
