InputGenerationTime,0.31064138998044655
ProfilingTime,13.161185123026371
SimulationTime,407.08899651499814
FramaCExecutionTime,70.61506817897316
TotalExecutionTime,23014.249430427997
