InputGenerationTime,0.14546583700575866
ProfilingTime,14.3024419650028
SimulationTime,488.6359735780279
FramaCExecutionTime,74.77319466500194
TotalExecutionTime,17505.81193403501
