InputGenerationTime,0.2185508770053275
ProfilingTime,14.108714720001444
SimulationTime,649.9079431249993
FramaCExecutionTime,81.13867704098811
TotalExecutionTime,17573.366105602996
