InputGenerationTime,0.16784242202993482
ProfilingTime,14.999032037972938
SimulationTime,454.58568108000327
FramaCExecutionTime,62.749767625995446
TotalExecutionTime,2390.142350850976
