InputGenerationTime,0.20275106496410444
ProfilingTime,12.70932076999452
SimulationTime,331.05649805802386
FramaCExecutionTime,72.41087386000436
TotalExecutionTime,36235.37091311801
