InputGenerationTime,0.02943142002914101
ProfilingTime,12.121987672988325
SimulationTime,292.9046762259677
FramaCExecutionTime,50.386934716952965
TotalExecutionTime,9392.614943971043
