InputGenerationTime,0.1029826570302248
ProfilingTime,40.44559528399259
SimulationTime,6516.430949653033
FramaCExecutionTime,74.36303333297838
TotalExecutionTime,90438.48585098202
