InputGenerationTime,0.04264359700027853
ProfilingTime,12.256705999025144
SimulationTime,268.5072127189487
FramaCExecutionTime,48.98651290300768
TotalExecutionTime,16814.155204672017
