InputGenerationTime,0.1029826570302248
ProfilingTime,31.687644487945363
SimulationTime,5766.633790021064
FramaCExecutionTime,74.36303333297838
TotalExecutionTime,46497.42355375504
