InputGenerationTime,0.1627644940163009
ProfilingTime,12.848113827989437
SimulationTime,329.81330231699394
FramaCExecutionTime,58.767261137021706
TotalExecutionTime,8530.300283666002
