InputGenerationTime,0.04264359700027853
ProfilingTime,14.533166336943395
SimulationTime,348.8659337479621
FramaCExecutionTime,48.98651290300768
TotalExecutionTime,21704.337121454068
