InputGenerationTime,0.1403015929972753
ProfilingTime,12.611002563964576
SimulationTime,308.4467709559831
FramaCExecutionTime,67.99739167501684
TotalExecutionTime,9672.609772875032
