InputGenerationTime,0.11007866600994021
ProfilingTime,24.515696360962465
SimulationTime,3769.9295825219015
FramaCExecutionTime,75.16514147992712
TotalExecutionTime,150423.51410601602
