InputGenerationTime,0.03787670301971957
ProfilingTime,12.954860553028993
SimulationTime,228.3498416270013
FramaCExecutionTime,51.537359822017606
TotalExecutionTime,17347.46562584699
