InputGenerationTime,0.04264359700027853
ProfilingTime,11.919098660931922
SimulationTime,254.94857946003322
FramaCExecutionTime,48.98651290300768
TotalExecutionTime,24049.914180818014
