InputGenerationTime,0.04605658899527043
ProfilingTime,15.653458082000725
SimulationTime,68.6271958699217
FramaCExecutionTime,50.800753629999235
TotalExecutionTime,16052.780760669964
