InputGenerationTime,0.0958440329413861
ProfilingTime,37.03668731905054
SimulationTime,2147.738653884968
FramaCExecutionTime,72.12957090092823
TotalExecutionTime,80912.93597951403
