InputGenerationTime,0.1700858319964027
ProfilingTime,26.697270528995432
SimulationTime,1959.6586973899975
FramaCExecutionTime,103.24842190599884
TotalExecutionTime,122935.633151663
