InputGenerationTime,0.22238390904385597
ProfilingTime,30.100698087131605
SimulationTime,5977.170457819942
FramaCExecutionTime,104.69010964804329
TotalExecutionTime,103506.51794481894
