InputGenerationTime,0.11007866600994021
ProfilingTime,38.982243817998096
SimulationTime,5677.959857559996
FramaCExecutionTime,75.16514147992712
TotalExecutionTime,146628.811412788
