InputGenerationTime,0.14289244503015652
ProfilingTime,16.294113926007412
SimulationTime,602.0050248330226
FramaCExecutionTime,73.29307201999472
TotalExecutionTime,23259.108570895973
