InputGenerationTime,0.13154517099974328
ProfilingTime,26.75254255800246
SimulationTime,1560.1824724010003
FramaCExecutionTime,97.15951074999975
TotalExecutionTime,59561.77062581501
