InputGenerationTime,0.21834907896118239
ProfilingTime,17.23971122299554
SimulationTime,845.2239974469994
FramaCExecutionTime,83.42115977802314
TotalExecutionTime,23112.68185548496
