InputGenerationTime,0.1789411689969711
ProfilingTime,33.904374600970186
SimulationTime,2236.1036024059867
FramaCExecutionTime,71.89116228104103
TotalExecutionTime,27577.075081411982
