InputGenerationTime,0.1700858319964027
ProfilingTime,20.73222551199433
SimulationTime,2030.35110385
FramaCExecutionTime,103.24842190599884
TotalExecutionTime,102766.548030751
