InputGenerationTime,0.14289244503015652
ProfilingTime,14.319368294032756
SimulationTime,462.64411680802004
FramaCExecutionTime,73.29307201999472
TotalExecutionTime,18066.11689230398
