InputGenerationTime,0.19363364099990577
ProfilingTime,16.69729538197862
SimulationTime,879.0248445509933
FramaCExecutionTime,80.87790378002683
TotalExecutionTime,54648.38816134803
