InputGenerationTime,0.16906677302904427
ProfilingTime,29.189066015183926
SimulationTime,6167.287816266995
FramaCExecutionTime,105.60095329186879
TotalExecutionTime,109478.35122703202
