InputGenerationTime,0.09294258896261454
ProfilingTime,24.155729396035895
SimulationTime,1127.1670899440069
FramaCExecutionTime,72.44099822000135
TotalExecutionTime,3674.753095534048
