InputGenerationTime,0.04264359700027853
ProfilingTime,12.941707463003695
SimulationTime,358.1197030240437
FramaCExecutionTime,48.98651290300768
TotalExecutionTime,20707.39901128097
