InputGenerationTime,0.03649758198298514
ProfilingTime,12.422609733999707
SimulationTime,304.9803050699411
FramaCExecutionTime,49.96223746309988
TotalExecutionTime,12373.175696233986
