InputGenerationTime,0.04033761902246624
ProfilingTime,16.257964247022755
SimulationTime,69.24174719396979
FramaCExecutionTime,50.36595385405235
TotalExecutionTime,18381.261710143997
