InputGenerationTime,0.1029826570302248
ProfilingTime,30.47109194798395
SimulationTime,5900.0987252779305
FramaCExecutionTime,74.36303333297838
TotalExecutionTime,102164.14384866494
