InputGenerationTime,0.1627644940163009
ProfilingTime,12.592676995962393
SimulationTime,295.02739565999946
FramaCExecutionTime,58.767261137021706
TotalExecutionTime,2899.088588494982
