InputGenerationTime,0.3992919209995307
ProfilingTime,13.97306575399125
SimulationTime,2872.3413023529865
FramaCExecutionTime,106.92807259899564
TotalExecutionTime,105004.883957333
