InputGenerationTime,0.3562486529990565
ProfilingTime,17.381701692007482
SimulationTime,1185.7701923930144
FramaCExecutionTime,101.63799356500385
TotalExecutionTime,59368.357130839984
