InputGenerationTime,0.1789411689969711
ProfilingTime,24.001989529002458
SimulationTime,1064.6072310459567
FramaCExecutionTime,71.89116228104103
TotalExecutionTime,4922.041513221979
