InputGenerationTime,0.02101032598875463
ProfilingTime,12.91266688000178
SimulationTime,250.5827727880096
FramaCExecutionTime,48.771614481986035
TotalExecutionTime,12112.034676676034
