InputGenerationTime,0.17213920800713822
ProfilingTime,13.038184512988664
SimulationTime,489.95628617797047
FramaCExecutionTime,70.0929242069833
TotalExecutionTime,26362.798432537005
