InputGenerationTime,0.2185508770053275
ProfilingTime,14.343678647011984
SimulationTime,641.5026489890297
FramaCExecutionTime,81.13867704098811
TotalExecutionTime,2845.4856385579915
