InputGenerationTime,0.3562486529990565
ProfilingTime,13.411315131001174
SimulationTime,444.29216194100445
FramaCExecutionTime,101.63799356500385
TotalExecutionTime,46411.19484417897
