InputGenerationTime,0.3562486529990565
ProfilingTime,16.99264585302444
SimulationTime,1184.8618428010086
FramaCExecutionTime,101.63799356500385
TotalExecutionTime,62967.08774999398
