InputGenerationTime,0.14289244503015652
ProfilingTime,15.456596091971733
SimulationTime,572.9344243220403
FramaCExecutionTime,73.29307201999472
TotalExecutionTime,26503.586396874976
