InputGenerationTime,0.13672967800016522
ProfilingTime,21.729832747998444
SimulationTime,1255.727299915001
FramaCExecutionTime,86.47228649099998
TotalExecutionTime,29457.011584844
