InputGenerationTime,0.02943142002914101
ProfilingTime,14.07652798795607
SimulationTime,444.1066928629298
FramaCExecutionTime,50.386934716952965
TotalExecutionTime,7984.225291245035
