InputGenerationTime,0.0958440329413861
ProfilingTime,25.115296705975197
SimulationTime,1219.7872550400207
FramaCExecutionTime,72.12957090092823
TotalExecutionTime,46062.27260701801
