InputGenerationTime,0.1748106989543885
ProfilingTime,15.663557672989555
SimulationTime,683.4105276109767
FramaCExecutionTime,77.10620760498568
TotalExecutionTime,39677.37804822298
