InputGenerationTime,0.3290693649905734
ProfilingTime,16.91899905601167
SimulationTime,1210.6572058410093
FramaCExecutionTime,93.562849414011
TotalExecutionTime,83778.834429724
