InputGenerationTime,0.20275106496410444
ProfilingTime,12.355384230031632
SimulationTime,307.16063677397324
FramaCExecutionTime,72.41087386000436
TotalExecutionTime,29387.35239513201
