InputGenerationTime,0.03478576202178374
ProfilingTime,13.079660374030937
SimulationTime,226.48433617997216
FramaCExecutionTime,50.926451303996146
TotalExecutionTime,529.5563083100133
