InputGenerationTime,0.03344180900603533
ProfilingTime,19.96236811100971
SimulationTime,653.2078525209799
FramaCExecutionTime,50.28500775108114
TotalExecutionTime,30443.911753184046
