InputGenerationTime,0.03649758198298514
ProfilingTime,14.167461112025194
SimulationTime,489.00435355794616
FramaCExecutionTime,49.96223746309988
TotalExecutionTime,16910.65931329201
