InputGenerationTime,0.14289244503015652
ProfilingTime,14.834422312967945
SimulationTime,406.09716080501676
FramaCExecutionTime,73.29307201999472
TotalExecutionTime,21406.430890017014
