InputGenerationTime,0.36992113500036794
ProfilingTime,17.375773110994487
SimulationTime,4806.457408440998
FramaCExecutionTime,107.32906808700045
TotalExecutionTime,37850.283729564995
