InputGenerationTime,0.03504894801881164
ProfilingTime,12.423469417029992
SimulationTime,266.0421870040009
FramaCExecutionTime,49.650262785027735
TotalExecutionTime,25213.28859921696
