InputGenerationTime,0.14546583700575866
ProfilingTime,14.954757032974157
SimulationTime,556.1806035279878
FramaCExecutionTime,74.77319466500194
TotalExecutionTime,31845.684018813976
