InputGenerationTime,0.2105190139845945
ProfilingTime,14.952452301047742
SimulationTime,1966.4101285550278
FramaCExecutionTime,84.0937273070158
TotalExecutionTime,90500.686239381
