InputGenerationTime,0.13672967800016522
ProfilingTime,22.802024724999683
SimulationTime,919.465344407
FramaCExecutionTime,86.47228649099998
TotalExecutionTime,4299.7541146230005
