InputGenerationTime,0.15652003599097952
ProfilingTime,14.71269718601252
SimulationTime,2033.4487322640198
FramaCExecutionTime,78.31167951601674
TotalExecutionTime,5810.571412537014
