InputGenerationTime,0.04605658899527043
ProfilingTime,26.405400722054765
SimulationTime,630.2554937979439
FramaCExecutionTime,50.800753629999235
TotalExecutionTime,11144.238198764971
