InputGenerationTime,0.03787670301971957
ProfilingTime,13.719396158994641
SimulationTime,232.1938957539969
FramaCExecutionTime,51.537359822017606
TotalExecutionTime,21761.02540102502
