InputGenerationTime,0.1789411689969711
ProfilingTime,23.825826076965313
SimulationTime,1146.8465850740322
FramaCExecutionTime,71.89116228104103
TotalExecutionTime,11703.420327005966
