InputGenerationTime,0.03787670301971957
ProfilingTime,13.101658793981187
SimulationTime,228.41480261000106
FramaCExecutionTime,51.537359822017606
TotalExecutionTime,18810.259249456984
