InputGenerationTime,0.04605658899527043
ProfilingTime,16.036101971985772
SimulationTime,69.28244009101763
FramaCExecutionTime,50.800753629999235
TotalExecutionTime,11758.376115605002
