InputGenerationTime,0.2105190139845945
ProfilingTime,17.58206973099732
SimulationTime,2845.4690044430026
FramaCExecutionTime,84.0937273070158
TotalExecutionTime,78014.08662106801
