InputGenerationTime,0.16906677302904427
ProfilingTime,30.559709743130952
SimulationTime,6176.487371575087
FramaCExecutionTime,105.60095329186879
TotalExecutionTime,90249.24515497801
