InputGenerationTime,0.31064138998044655
ProfilingTime,17.156888830999378
SimulationTime,1417.8419413809897
FramaCExecutionTime,70.61506817897316
TotalExecutionTime,19257.426613232994
