InputGenerationTime,0.14289244503015652
ProfilingTime,15.747505750972778
SimulationTime,600.5779328619828
FramaCExecutionTime,73.29307201999472
TotalExecutionTime,22022.909220497007
