InputGenerationTime,0.1627644940163009
ProfilingTime,13.823146785027348
SimulationTime,448.630385567958
FramaCExecutionTime,58.767261137021706
TotalExecutionTime,5849.73905096302
