InputGenerationTime,0.20275106496410444
ProfilingTime,12.828694727970287
SimulationTime,318.02982771303505
FramaCExecutionTime,72.41087386000436
TotalExecutionTime,30044.83796056203
