InputGenerationTime,0.03761291899718344
ProfilingTime,20.260485516046174
SimulationTime,891.5581805669935
FramaCExecutionTime,51.22099144104868
TotalExecutionTime,14581.086076343083
