InputGenerationTime,0.2147221930208616
ProfilingTime,15.809540732007008
SimulationTime,839.0380666280398
FramaCExecutionTime,82.20159398502437
TotalExecutionTime,50235.81089134497
