InputGenerationTime,0.22238390904385597
ProfilingTime,28.929253234062344
SimulationTime,5692.847015138948
FramaCExecutionTime,104.69010964804329
TotalExecutionTime,52444.20991617709
