InputGenerationTime,0.02943142002914101
ProfilingTime,12.49634573503863
SimulationTime,310.42884884704836
FramaCExecutionTime,50.386934716952965
TotalExecutionTime,8777.08679344994
