InputGenerationTime,0.3290693649905734
ProfilingTime,13.126810882007703
SimulationTime,425.40517224598443
FramaCExecutionTime,93.562849414011
TotalExecutionTime,87149.25240573997
