InputGenerationTime,0.150059406994842
ProfilingTime,14.440802504017483
SimulationTime,479.54630101501243
FramaCExecutionTime,74.97603316104505
TotalExecutionTime,41176.79489171403
