InputGenerationTime,0.11007866600994021
ProfilingTime,24.57362485001795
SimulationTime,4112.211604812066
FramaCExecutionTime,75.16514147992712
TotalExecutionTime,181841.55603509198
