InputGenerationTime,0.02101032598875463
ProfilingTime,13.094615565962158
SimulationTime,253.14332756400108
FramaCExecutionTime,48.771614481986035
TotalExecutionTime,11848.400168423017
