InputGenerationTime,0.16784242202993482
ProfilingTime,14.98231485800352
SimulationTime,442.6485315669561
FramaCExecutionTime,62.749767625995446
TotalExecutionTime,6705.460546698014
