InputGenerationTime,0.1748106989543885
ProfilingTime,16.400726836989634
SimulationTime,683.8272653919994
FramaCExecutionTime,77.10620760498568
TotalExecutionTime,36433.51249363297
