InputGenerationTime,0.36992113500036794
ProfilingTime,14.035589455001173
SimulationTime,3109.1537332589996
FramaCExecutionTime,107.32906808700045
TotalExecutionTime,8936.652416935998
