InputGenerationTime,0.18352015601703897
ProfilingTime,13.733758936985396
SimulationTime,1655.9325432690093
FramaCExecutionTime,73.45890214497922
TotalExecutionTime,48286.83037497103
