InputGenerationTime,0.13672967800016522
ProfilingTime,26.575297262001186
SimulationTime,1352.241348296
FramaCExecutionTime,86.47228649099998
TotalExecutionTime,15317.835074715
