InputGenerationTime,0.1029826570302248
ProfilingTime,22.36085869302042
SimulationTime,3280.7554963889997
FramaCExecutionTime,74.36303333297838
TotalExecutionTime,115416.36878066696
