InputGenerationTime,0.1029826570302248
ProfilingTime,31.654646715032868
SimulationTime,5763.518128602067
FramaCExecutionTime,74.36303333297838
TotalExecutionTime,61934.68138322595
