InputGenerationTime,0.03649758198298514
ProfilingTime,12.381227292004041
SimulationTime,306.7125691830879
FramaCExecutionTime,49.96223746309988
TotalExecutionTime,10719.580372391967
