InputGenerationTime,0.03504894801881164
ProfilingTime,13.942381331929937
SimulationTime,344.26331141695846
FramaCExecutionTime,49.650262785027735
TotalExecutionTime,30391.812443527975
