InputGenerationTime,0.16906677302904427
ProfilingTime,24.661469185026363
SimulationTime,4668.307936990866
FramaCExecutionTime,105.60095329186879
TotalExecutionTime,66546.06338807102
