InputGenerationTime,0.03504894801881164
ProfilingTime,12.903194659971632
SimulationTime,355.97974427207373
FramaCExecutionTime,49.650262785027735
TotalExecutionTime,28273.411769130034
