InputGenerationTime,0.16784242202993482
ProfilingTime,13.903554731979966
SimulationTime,451.87675831397064
FramaCExecutionTime,62.749767625995446
TotalExecutionTime,1470.96447669802
