InputGenerationTime,0.23707145699881949
ProfilingTime,20.41643625398865
SimulationTime,1447.0005295890005
FramaCExecutionTime,113.60268908800208
TotalExecutionTime,99065.704576646
