InputGenerationTime,0.2105190139845945
ProfilingTime,19.60681917000329
SimulationTime,2809.2702598519973
FramaCExecutionTime,84.0937273070158
TotalExecutionTime,118246.925537904
