InputGenerationTime,0.13154517099974328
ProfilingTime,26.762600171001395
SimulationTime,1460.1645501500025
FramaCExecutionTime,97.15951074999975
TotalExecutionTime,45904.541444176
