InputGenerationTime,0.20275106496410444
ProfilingTime,12.71931478701299
SimulationTime,297.4634337690077
FramaCExecutionTime,72.41087386000436
TotalExecutionTime,31166.561905307986
