InputGenerationTime,0.17438512202352285
ProfilingTime,13.47820007399423
SimulationTime,2084.5952514029923
FramaCExecutionTime,73.87087842298206
TotalExecutionTime,31399.358952826995
