InputGenerationTime,0.15652003599097952
ProfilingTime,18.36925017699832
SimulationTime,4040.439443573996
FramaCExecutionTime,78.31167951601674
TotalExecutionTime,49025.042563027004
