InputGenerationTime,0.1623866810114123
ProfilingTime,14.69575297398842
SimulationTime,483.97847150001326
FramaCExecutionTime,64.39105598500464
TotalExecutionTime,7851.285527130996
