InputGenerationTime,0.1789411689969711
ProfilingTime,34.815404612978455
SimulationTime,2678.9874660600326
FramaCExecutionTime,71.89116228104103
TotalExecutionTime,32716.50176380697
