InputGenerationTime,0.2105190139845945
ProfilingTime,15.273127707012463
SimulationTime,2191.684879860026
FramaCExecutionTime,84.0937273070158
TotalExecutionTime,115417.86676353202
