InputGenerationTime,0.04264359700027853
ProfilingTime,12.961688973009586
SimulationTime,348.27702585596126
FramaCExecutionTime,48.98651290300768
TotalExecutionTime,23148.92591110198
