InputGenerationTime,0.1700858319964027
ProfilingTime,22.429860635995283
SimulationTime,1328.2061141209997
FramaCExecutionTime,103.24842190599884
TotalExecutionTime,124286.54268497501
