InputGenerationTime,0.14289244503015652
ProfilingTime,15.87348888698034
SimulationTime,599.5697596789687
FramaCExecutionTime,73.29307201999472
TotalExecutionTime,20985.33888589102
