InputGenerationTime,0.03649758198298514
ProfilingTime,13.338340171962045
SimulationTime,488.98316659301054
FramaCExecutionTime,49.96223746309988
TotalExecutionTime,11551.956012184964
