InputGenerationTime,0.04033761902246624
ProfilingTime,17.0867180560017
SimulationTime,70.38934080000035
FramaCExecutionTime,50.36595385405235
TotalExecutionTime,23158.252292799996
