InputGenerationTime,0.18352015601703897
ProfilingTime,13.864586515002884
SimulationTime,1654.1654709770228
FramaCExecutionTime,73.45890214497922
TotalExecutionTime,49955.043775853
