InputGenerationTime,0.16784242202993482
ProfilingTime,16.00502682296792
SimulationTime,661.1845939659979
FramaCExecutionTime,62.749767625995446
TotalExecutionTime,3067.4889350199956
