InputGenerationTime,0.02101032598875463
ProfilingTime,12.75914030498825
SimulationTime,252.17923627700657
FramaCExecutionTime,48.771614481986035
TotalExecutionTime,8653.332611883001
