InputGenerationTime,0.29413005500100553
ProfilingTime,18.175095009006327
SimulationTime,1376.8419382430147
FramaCExecutionTime,91.28475642201374
TotalExecutionTime,43602.348743518
