InputGenerationTime,0.2147221930208616
ProfilingTime,15.784670835011639
SimulationTime,812.242605816049
FramaCExecutionTime,82.20159398502437
TotalExecutionTime,57813.06576230598
