InputGenerationTime,0.2105190139845945
ProfilingTime,14.831943686993327
SimulationTime,1468.2325473899837
FramaCExecutionTime,84.0937273070158
TotalExecutionTime,66113.165791025
