InputGenerationTime,0.13154517099974328
ProfilingTime,30.701714330003597
SimulationTime,1646.1115918030046
FramaCExecutionTime,97.15951074999975
TotalExecutionTime,52663.946971206
