InputGenerationTime,0.19363364099990577
ProfilingTime,16.76851116301259
SimulationTime,877.299794591032
FramaCExecutionTime,80.87790378002683
TotalExecutionTime,59229.15225263298
