InputGenerationTime,0.20275106496410444
ProfilingTime,13.196929129015189
SimulationTime,393.75486182502937
FramaCExecutionTime,72.41087386000436
TotalExecutionTime,35891.456063886
