InputGenerationTime,0.03761291899718344
ProfilingTime,17.42196221393533
SimulationTime,72.32056151295546
FramaCExecutionTime,51.22099144104868
TotalExecutionTime,14670.955238692113
