InputGenerationTime,0.21834907896118239
ProfilingTime,14.557587648043409
SimulationTime,709.4623029630166
FramaCExecutionTime,83.42115977802314
TotalExecutionTime,23836.86855795601
