InputGenerationTime,0.1748106989543885
ProfilingTime,13.95587936002994
SimulationTime,481.0391751190182
FramaCExecutionTime,77.10620760498568
TotalExecutionTime,28019.576129101973
