InputGenerationTime,0.11007866600994021
ProfilingTime,24.03146238892805
SimulationTime,3744.467421540059
FramaCExecutionTime,75.16514147992712
TotalExecutionTime,123179.12881766597
