InputGenerationTime,0.13154517099974328
ProfilingTime,29.330967623005563
SimulationTime,1643.2202900989942
FramaCExecutionTime,97.15951074999975
TotalExecutionTime,57974.583546372
