InputGenerationTime,0.36992113500036794
ProfilingTime,17.698160564003047
SimulationTime,4775.054147429997
FramaCExecutionTime,107.32906808700045
TotalExecutionTime,73319.883069595
