InputGenerationTime,0.31064138998044655
ProfilingTime,20.837731794978026
SimulationTime,1368.9744775880245
FramaCExecutionTime,70.61506817897316
TotalExecutionTime,3762.143902410986
