InputGenerationTime,0.10734761599451303
ProfilingTime,25.401124664000235
SimulationTime,1451.2307378510013
FramaCExecutionTime,74.86267644702457
TotalExecutionTime,88689.41973995499
