InputGenerationTime,0.17213920800713822
ProfilingTime,12.594737236970104
SimulationTime,300.62760967499344
FramaCExecutionTime,70.0929242069833
TotalExecutionTime,23735.964602839027
