InputGenerationTime,0.2105190139845945
ProfilingTime,14.159770309983287
SimulationTime,1764.133985466964
FramaCExecutionTime,84.0937273070158
TotalExecutionTime,120025.42310969703
