InputGenerationTime,0.10734761599451303
ProfilingTime,24.471577667049132
SimulationTime,1736.3852003349457
FramaCExecutionTime,74.86267644702457
TotalExecutionTime,124109.97052191803
