InputGenerationTime,0.14546583700575866
ProfilingTime,16.383578193024732
SimulationTime,801.7642684379825
FramaCExecutionTime,74.77319466500194
TotalExecutionTime,30459.040955523
