InputGenerationTime,0.2147221930208616
ProfilingTime,13.580124418018386
SimulationTime,518.6771463960176
FramaCExecutionTime,82.20159398502437
TotalExecutionTime,58345.50191166799
