InputGenerationTime,0.09294258896261454
ProfilingTime,24.373910191003233
SimulationTime,1277.557379956008
FramaCExecutionTime,72.44099822000135
TotalExecutionTime,2523.2087943790248
