InputGenerationTime,0.17438512202352285
ProfilingTime,12.820457804016769
SimulationTime,1392.8446292100125
FramaCExecutionTime,73.87087842298206
TotalExecutionTime,1479.714073248033
