InputGenerationTime,0.02943142002914101
ProfilingTime,14.49874881200958
SimulationTime,446.59290258504916
FramaCExecutionTime,50.386934716952965
TotalExecutionTime,7025.655330043053
