InputGenerationTime,0.1403015929972753
ProfilingTime,13.650667548994534
SimulationTime,490.88896455499344
FramaCExecutionTime,67.99739167501684
TotalExecutionTime,18025.885975904996
