InputGenerationTime,0.1748106989543885
ProfilingTime,13.88940805499442
SimulationTime,465.01638611400267
FramaCExecutionTime,77.10620760498568
TotalExecutionTime,28498.646343471017
