InputGenerationTime,0.1029826570302248
ProfilingTime,30.06822994502727
SimulationTime,5765.361364871962
FramaCExecutionTime,74.36303333297838
TotalExecutionTime,52293.119442141964
