InputGenerationTime,0.21834907896118239
ProfilingTime,14.19952155003557
SimulationTime,738.7278690520325
FramaCExecutionTime,83.42115977802314
TotalExecutionTime,18410.11480084597
