InputGenerationTime,0.04264359700027853
ProfilingTime,13.74987906194292
SimulationTime,340.19082605896983
FramaCExecutionTime,48.98651290300768
TotalExecutionTime,21340.78771926707
