InputGenerationTime,0.03344180900603533
ProfilingTime,15.328349638963118
SimulationTime,68.62398406700231
FramaCExecutionTime,50.28500775108114
TotalExecutionTime,24482.17029329494
