InputGenerationTime,0.02053170499857515
ProfilingTime,12.84927417297149
SimulationTime,7268.943026064022
FramaCExecutionTime,49.36256294703344
TotalExecutionTime,103328.383765921
