InputGenerationTime,0.15652003599097952
ProfilingTime,15.196899105998455
SimulationTime,2354.8289625849866
FramaCExecutionTime,78.31167951601674
TotalExecutionTime,10222.079456774023
