InputGenerationTime,0.17438512202352285
ProfilingTime,14.161412904039025
SimulationTime,1961.5974023779854
FramaCExecutionTime,73.87087842298206
TotalExecutionTime,27319.039978010987
