InputGenerationTime,0.1789411689969711
ProfilingTime,31.87296332704136
SimulationTime,2390.450783581997
FramaCExecutionTime,71.89116228104103
TotalExecutionTime,35139.05628337397
