InputGenerationTime,0.1748106989543885
ProfilingTime,13.948783234984148
SimulationTime,449.3554101799964
FramaCExecutionTime,77.10620760498568
TotalExecutionTime,28962.118935882987
