InputGenerationTime,0.15652003599097952
ProfilingTime,15.20511330597219
SimulationTime,2406.9445110980014
FramaCExecutionTime,78.31167951601674
TotalExecutionTime,35586.130690159014
