InputGenerationTime,0.0958440329413861
ProfilingTime,24.963356628082693
SimulationTime,1151.9701150880428
FramaCExecutionTime,72.12957090092823
TotalExecutionTime,62778.491513176006
