InputGenerationTime,0.150059406994842
ProfilingTime,17.12990597402677
SimulationTime,857.7632947090315
FramaCExecutionTime,74.97603316104505
TotalExecutionTime,39808.589293536
