InputGenerationTime,0.0958440329413861
ProfilingTime,43.69489048596006
SimulationTime,2762.0767971649766
FramaCExecutionTime,72.12957090092823
TotalExecutionTime,72597.98345280602
