InputGenerationTime,0.04605658899527043
ProfilingTime,15.35799550905358
SimulationTime,68.98705304600298
FramaCExecutionTime,50.800753629999235
TotalExecutionTime,10053.579910560977
