InputGenerationTime,0.02053170499857515
ProfilingTime,13.278928110026754
SimulationTime,7316.903176708962
FramaCExecutionTime,49.36256294703344
TotalExecutionTime,87254.97620121104
