InputGenerationTime,0.1029826570302248
ProfilingTime,23.913336229976267
SimulationTime,3753.949542158982
FramaCExecutionTime,74.36303333297838
TotalExecutionTime,11505.846402529976
