InputGenerationTime,0.03761291899718344
ProfilingTime,16.06176057702396
SimulationTime,69.65996045491192
FramaCExecutionTime,51.22099144104868
TotalExecutionTime,9630.271384148044
