InputGenerationTime,0.02101032598875463
ProfilingTime,13.043941230978817
SimulationTime,253.02121501998045
FramaCExecutionTime,48.771614481986035
TotalExecutionTime,9186.059950247
