InputGenerationTime,0.03344180900603533
ProfilingTime,15.218213550979272
SimulationTime,68.81460993201472
FramaCExecutionTime,50.28500775108114
TotalExecutionTime,24313.76242808602
