InputGenerationTime,0.22238390904385597
ProfilingTime,27.528517510043457
SimulationTime,5688.805956350174
FramaCExecutionTime,104.69010964804329
TotalExecutionTime,58160.853541927994
