InputGenerationTime,0.1748106989543885
ProfilingTime,15.850697560003027
SimulationTime,683.7629999979981
FramaCExecutionTime,77.10620760498568
TotalExecutionTime,34595.29862361599
