InputGenerationTime,0.02053170499857515
ProfilingTime,12.97214140696451
SimulationTime,7199.589594344026
FramaCExecutionTime,49.36256294703344
TotalExecutionTime,12426.005088774022
