InputGenerationTime,0.13154517099974328
ProfilingTime,30.110158259994932
SimulationTime,1641.5823233959964
FramaCExecutionTime,97.15951074999975
TotalExecutionTime,54335.891497308
