InputGenerationTime,0.31064138998044655
ProfilingTime,17.286254164006095
SimulationTime,1368.9888011179864
FramaCExecutionTime,70.61506817897316
TotalExecutionTime,8371.352974092995
