InputGenerationTime,0.2147221930208616
ProfilingTime,16.02083626698004
SimulationTime,840.0838816180476
FramaCExecutionTime,82.20159398502437
TotalExecutionTime,44908.96044528601
