InputGenerationTime,0.03649758198298514
ProfilingTime,12.012299778056331
SimulationTime,291.3135673129
FramaCExecutionTime,49.96223746309988
TotalExecutionTime,18761.431135263992
