InputGenerationTime,0.36992113500036794
ProfilingTime,17.59770991600817
SimulationTime,4800.096978586997
FramaCExecutionTime,107.32906808700045
TotalExecutionTime,68526.89569148001
