InputGenerationTime,0.15652003599097952
ProfilingTime,14.681836118979845
SimulationTime,2038.4041064880148
FramaCExecutionTime,78.31167951601674
TotalExecutionTime,2131.557608883013
