InputGenerationTime,0.0958440329413861
ProfilingTime,23.599255900946446
SimulationTime,1307.457735760021
FramaCExecutionTime,72.12957090092823
TotalExecutionTime,42657.65977787704
