InputGenerationTime,0.0958440329413861
ProfilingTime,22.199961182894185
SimulationTime,971.8341595859965
FramaCExecutionTime,72.12957090092823
TotalExecutionTime,81907.18309405702
