InputGenerationTime,0.0958440329413861
ProfilingTime,31.690207985928282
SimulationTime,2228.428529560915
FramaCExecutionTime,72.12957090092823
TotalExecutionTime,77212.39474783302
