InputGenerationTime,0.36992113500036794
ProfilingTime,14.47928949099878
SimulationTime,3134.1537997339983
FramaCExecutionTime,107.32906808700045
TotalExecutionTime,45817.529053267
