InputGenerationTime,0.1748106989543885
ProfilingTime,15.818615041964222
SimulationTime,682.6790165930288
FramaCExecutionTime,77.10620760498568
TotalExecutionTime,38978.13768386998
