InputGenerationTime,0.04519061098108068
ProfilingTime,38.52843401202699
SimulationTime,1178.3255860960344
FramaCExecutionTime,50.35609116801061
TotalExecutionTime,3227.301057667006
