InputGenerationTime,0.22238390904385597
ProfilingTime,21.25063202099409
SimulationTime,4721.974599332083
FramaCExecutionTime,104.69010964804329
TotalExecutionTime,14421.705350036966
