InputGenerationTime,0.13154517099974328
ProfilingTime,23.251594390996615
SimulationTime,1038.9218451760025
FramaCExecutionTime,97.15951074999975
TotalExecutionTime,36320.005172786005
