InputGenerationTime,0.1029826570302248
ProfilingTime,24.65202198002953
SimulationTime,3821.2648315459955
FramaCExecutionTime,74.36303333297838
TotalExecutionTime,56139.29205494805
