InputGenerationTime,0.31064138998044655
ProfilingTime,17.06524771900149
SimulationTime,1417.348173870996
FramaCExecutionTime,70.61506817897316
TotalExecutionTime,20692.044798972987
