InputGenerationTime,0.14289244503015652
ProfilingTime,13.351992610027082
SimulationTime,451.2405033200048
FramaCExecutionTime,73.29307201999472
TotalExecutionTime,26968.348013777984
