InputGenerationTime,0.13154517099974328
ProfilingTime,31.306824612998753
SimulationTime,1934.3051410570042
FramaCExecutionTime,97.15951074999975
TotalExecutionTime,56301.760898733
