InputGenerationTime,0.1627644940163009
ProfilingTime,13.9743495460134
SimulationTime,448.6492155030137
FramaCExecutionTime,58.767261137021706
TotalExecutionTime,5061.474461361009
