InputGenerationTime,0.2147221930208616
ProfilingTime,16.608783626987133
SimulationTime,841.2719442709931
FramaCExecutionTime,82.20159398502437
TotalExecutionTime,52420.02885354002
