InputGenerationTime,0.03787670301971957
ProfilingTime,13.614968371985015
SimulationTime,235.09866008500103
FramaCExecutionTime,51.537359822017606
TotalExecutionTime,20285.041220229003
