InputGenerationTime,0.1789411689969711
ProfilingTime,28.094535467971582
SimulationTime,2219.7086997550214
FramaCExecutionTime,71.89116228104103
TotalExecutionTime,37387.08152978297
