InputGenerationTime,0.13672967800016522
ProfilingTime,28.16838326499783
SimulationTime,1423.624234117
FramaCExecutionTime,86.47228649099998
TotalExecutionTime,19030.825261023
