InputGenerationTime,0.3562486529990565
ProfilingTime,13.745212572015589
SimulationTime,427.88548647399875
FramaCExecutionTime,101.63799356500385
TotalExecutionTime,51210.90604566998
