InputGenerationTime,0.16784242202993482
ProfilingTime,15.680986651976127
SimulationTime,629.595829197031
FramaCExecutionTime,62.749767625995446
TotalExecutionTime,13446.435543889995
