InputGenerationTime,0.2185508770053275
ProfilingTime,14.798566664976534
SimulationTime,644.1648459299468
FramaCExecutionTime,81.13867704098811
TotalExecutionTime,16112.856559879961
