InputGenerationTime,0.21834907896118239
ProfilingTime,16.334350416029338
SimulationTime,844.8123659300036
FramaCExecutionTime,83.42115977802314
TotalExecutionTime,28006.840438318963
