InputGenerationTime,0.1789411689969711
ProfilingTime,28.770131404977292
SimulationTime,2126.7309356760234
FramaCExecutionTime,71.89116228104103
TotalExecutionTime,8419.703534488974
