InputGenerationTime,0.04605658899527043
ProfilingTime,14.453669585986063
SimulationTime,68.22861256496981
FramaCExecutionTime,50.800753629999235
TotalExecutionTime,16928.56774681504
