InputGenerationTime,0.31064138998044655
ProfilingTime,17.3218771009997
SimulationTime,1369.5780800489883
FramaCExecutionTime,70.61506817897316
TotalExecutionTime,5149.225934018992
