InputGenerationTime,0.17213920800713822
ProfilingTime,13.372042433999013
SimulationTime,436.6194844149868
FramaCExecutionTime,70.0929242069833
TotalExecutionTime,21308.727236654027
