InputGenerationTime,0.13672967800016522
ProfilingTime,23.38890130999789
SimulationTime,1383.507931670003
FramaCExecutionTime,86.47228649099998
TotalExecutionTime,26662.968007266998
