InputGenerationTime,0.04519061098108068
ProfilingTime,15.74449067900423
SimulationTime,67.55670666700462
FramaCExecutionTime,50.35609116801061
TotalExecutionTime,2010.4067680040025
