InputGenerationTime,0.1403015929972753
ProfilingTime,13.751877570990473
SimulationTime,491.2033309509861
FramaCExecutionTime,67.99739167501684
TotalExecutionTime,11481.199500278977
