InputGenerationTime,0.1700858319964027
ProfilingTime,22.534787792988936
SimulationTime,1481.538184221994
FramaCExecutionTime,103.24842190599884
TotalExecutionTime,107256.375980533
