InputGenerationTime,0.1700858319964027
ProfilingTime,30.273161788994912
SimulationTime,2653.401970387
FramaCExecutionTime,103.24842190599884
TotalExecutionTime,133929.150924065
