InputGenerationTime,0.04519061098108068
ProfilingTime,14.5836102059111
SimulationTime,68.61287247599103
FramaCExecutionTime,50.35609116801061
TotalExecutionTime,9918.320621615043
