InputGenerationTime,0.150059406994842
ProfilingTime,15.99879795499146
SimulationTime,857.8817935530096
FramaCExecutionTime,74.97603316104505
TotalExecutionTime,40682.63799960501
