InputGenerationTime,0.1403015929972753
ProfilingTime,16.629993414971977
SimulationTime,486.7875273739919
FramaCExecutionTime,67.99739167501684
TotalExecutionTime,18874.605709631986
