InputGenerationTime,0.02101032598875463
ProfilingTime,12.805642990977503
SimulationTime,252.54333184898132
FramaCExecutionTime,48.771614481986035
TotalExecutionTime,10249.24174796103
