InputGenerationTime,0.23707145699881949
ProfilingTime,24.04871816400555
SimulationTime,1535.0260260529903
FramaCExecutionTime,113.60268908800208
TotalExecutionTime,94092.79527075401
