InputGenerationTime,0.04605658899527043
ProfilingTime,15.542638561921194
SimulationTime,69.51098732207902
FramaCExecutionTime,50.800753629999235
TotalExecutionTime,10138.682589704054
