InputGenerationTime,0.02943142002914101
ProfilingTime,12.536057169083506
SimulationTime,315.15213915205095
FramaCExecutionTime,50.386934716952965
TotalExecutionTime,1649.4262337719556
