InputGenerationTime,0.04519061098108068
ProfilingTime,39.50933151401114
SimulationTime,1181.9701840620255
FramaCExecutionTime,50.35609116801061
TotalExecutionTime,4448.911417983996
