InputGenerationTime,0.1789411689969711
ProfilingTime,24.49272102699615
SimulationTime,1317.251350720995
FramaCExecutionTime,71.89116228104103
TotalExecutionTime,6263.996355524985
