InputGenerationTime,0.09294258896261454
ProfilingTime,37.58551033097319
SimulationTime,2227.2564304280095
FramaCExecutionTime,72.44099822000135
TotalExecutionTime,24055.451514312066
