InputGenerationTime,0.03787670301971957
ProfilingTime,13.927922478003893
SimulationTime,232.14479504001793
FramaCExecutionTime,51.537359822017606
TotalExecutionTime,21023.630329446984
