InputGenerationTime,0.2105190139845945
ProfilingTime,14.7289405829506
SimulationTime,2221.675934858038
FramaCExecutionTime,84.0937273070158
TotalExecutionTime,95587.50155658802
