InputGenerationTime,0.36992113500036794
ProfilingTime,14.47105225300038
SimulationTime,3430.72745002
FramaCExecutionTime,107.32906808700045
TotalExecutionTime,15476.924109174997
