InputGenerationTime,0.1623866810114123
ProfilingTime,16.88984340301249
SimulationTime,824.1646279490087
FramaCExecutionTime,64.39105598500464
TotalExecutionTime,6511.790063846012
