InputGenerationTime,0.03649758198298514
ProfilingTime,13.128591769025661
SimulationTime,489.5515540720662
FramaCExecutionTime,49.96223746309988
TotalExecutionTime,13881.924452723004
