InputGenerationTime,0.04033761902246624
ProfilingTime,17.13231596699916
SimulationTime,70.29093260504305
FramaCExecutionTime,50.36595385405235
TotalExecutionTime,18649.09043808398
