InputGenerationTime,0.1789411689969711
ProfilingTime,32.393559516989626
SimulationTime,2270.692190917034
FramaCExecutionTime,71.89116228104103
TotalExecutionTime,41470.669131501985
