InputGenerationTime,0.1700858319964027
ProfilingTime,27.466017647006083
SimulationTime,2154.418717766006
FramaCExecutionTime,103.24842190599884
TotalExecutionTime,142497.547183016
