InputGenerationTime,0.03649758198298514
ProfilingTime,12.387404741020873
SimulationTime,306.6453144069528
FramaCExecutionTime,49.96223746309988
TotalExecutionTime,10400.341078254045
