InputGenerationTime,0.3562486529990565
ProfilingTime,13.643841073993826
SimulationTime,479.5491589640151
FramaCExecutionTime,101.63799356500385
TotalExecutionTime,56962.483851419995
