InputGenerationTime,0.3992919209995307
ProfilingTime,17.070678329997463
SimulationTime,4176.7076713250135
FramaCExecutionTime,106.92807259899564
TotalExecutionTime,154786.173763984
