InputGenerationTime,0.03504894801881164
ProfilingTime,12.346772522083484
SimulationTime,267.85855311795603
FramaCExecutionTime,49.650262785027735
TotalExecutionTime,31029.73992311
