InputGenerationTime,0.03761291899718344
ProfilingTime,20.221069514984265
SimulationTime,890.3460298599675
FramaCExecutionTime,51.22099144104868
TotalExecutionTime,15666.707516949042
