InputGenerationTime,0.16784242202993482
ProfilingTime,16.60886037099408
SimulationTime,663.484301437973
FramaCExecutionTime,62.749767625995446
TotalExecutionTime,3747.7487899929984
