InputGenerationTime,0.02101032598875463
ProfilingTime,12.992026617983356
SimulationTime,253.0633190429653
FramaCExecutionTime,48.771614481986035
TotalExecutionTime,9452.258894611034
