InputGenerationTime,0.04264359700027853
ProfilingTime,13.695999772986397
SimulationTime,340.28353784803767
FramaCExecutionTime,48.98651290300768
TotalExecutionTime,23782.89901736297
