InputGenerationTime,0.20275106496410444
ProfilingTime,13.525367991998792
SimulationTime,391.9552793389885
FramaCExecutionTime,72.41087386000436
TotalExecutionTime,30450.475370425032
