InputGenerationTime,0.1623866810114123
ProfilingTime,16.979913424991537
SimulationTime,818.7812800510146
FramaCExecutionTime,64.39105598500464
TotalExecutionTime,10973.660065174015
