InputGenerationTime,0.03761291899718344
ProfilingTime,15.76940346590709
SimulationTime,69.32912415498868
FramaCExecutionTime,51.22099144104868
TotalExecutionTime,14756.09493241203
