InputGenerationTime,0.2147221930208616
ProfilingTime,16.768599091039505
SimulationTime,841.1231486980105
FramaCExecutionTime,82.20159398502437
TotalExecutionTime,45767.02481259697
