InputGenerationTime,0.1700858319964027
ProfilingTime,20.162659291003365
SimulationTime,1774.8608933440119
FramaCExecutionTime,103.24842190599884
TotalExecutionTime,144292.833081864
