InputGenerationTime,0.3290693649905734
ProfilingTime,13.566181665984914
SimulationTime,436.2478600850154
FramaCExecutionTime,93.562849414011
TotalExecutionTime,71779.89638791297
