InputGenerationTime,0.1623866810114123
ProfilingTime,14.81809489801526
SimulationTime,546.0810624230071
FramaCExecutionTime,64.39105598500464
TotalExecutionTime,9253.561005071999
