InputGenerationTime,0.2185508770053275
ProfilingTime,16.684335831028875
SimulationTime,793.894145453989
FramaCExecutionTime,81.13867704098811
TotalExecutionTime,4389.265346736007
