InputGenerationTime,0.19363364099990577
ProfilingTime,16.282971901993733
SimulationTime,865.2823137450032
FramaCExecutionTime,80.87790378002683
TotalExecutionTime,60695.209954144986
