InputGenerationTime,0.23707145699881949
ProfilingTime,27.87231687399617
SimulationTime,1376.8766173409967
FramaCExecutionTime,113.60268908800208
TotalExecutionTime,75264.288378778
