InputGenerationTime,0.1748106989543885
ProfilingTime,16.06148514500819
SimulationTime,684.7883242830285
FramaCExecutionTime,77.10620760498568
TotalExecutionTime,30149.090064344986
