InputGenerationTime,0.04033761902246624
ProfilingTime,15.119596198899671
SimulationTime,68.74773762898985
FramaCExecutionTime,50.36595385405235
TotalExecutionTime,17231.20596769394
