InputGenerationTime,0.31064138998044655
ProfilingTime,13.79488577900338
SimulationTime,431.44623404502636
FramaCExecutionTime,70.61506817897316
TotalExecutionTime,5594.6545617849915
