InputGenerationTime,0.03478576202178374
ProfilingTime,13.070799637993332
SimulationTime,227.1488747309777
FramaCExecutionTime,50.926451303996146
TotalExecutionTime,1010.0040704130079
