InputGenerationTime,0.04519061098108068
ProfilingTime,40.82015762897208
SimulationTime,1488.5785820719902
FramaCExecutionTime,50.35609116801061
TotalExecutionTime,7207.743778718985
