InputGenerationTime,0.02943142002914101
ProfilingTime,13.105725284083746
SimulationTime,495.80710377695505
FramaCExecutionTime,50.386934716952965
TotalExecutionTime,4504.813128620037
