InputGenerationTime,0.150059406994842
ProfilingTime,14.405874811985996
SimulationTime,509.1228963280446
FramaCExecutionTime,74.97603316104505
TotalExecutionTime,35230.160038778995
