InputGenerationTime,0.16784242202993482
ProfilingTime,14.978030871017836
SimulationTime,412.3807637349819
FramaCExecutionTime,62.749767625995446
TotalExecutionTime,7811.298080075998
