InputGenerationTime,0.04033761902246624
ProfilingTime,21.357496010954492
SimulationTime,749.5696113529848
FramaCExecutionTime,50.36595385405235
TotalExecutionTime,23070.663530676975
