InputGenerationTime,0.09294258896261454
ProfilingTime,24.993115146062337
SimulationTime,1053.918343155994
FramaCExecutionTime,72.44099822000135
TotalExecutionTime,11165.834000000963
