InputGenerationTime,0.22238390904385597
ProfilingTime,32.41272730194032
SimulationTime,6444.652359277941
FramaCExecutionTime,104.69010964804329
TotalExecutionTime,97498.940237529
