InputGenerationTime,0.13154517099974328
ProfilingTime,23.288561711997318
SimulationTime,898.7784081119971
FramaCExecutionTime,97.15951074999975
TotalExecutionTime,46826.864176304
