InputGenerationTime,0.03787670301971957
ProfilingTime,13.724723813997116
SimulationTime,231.12826852902072
FramaCExecutionTime,51.537359822017606
TotalExecutionTime,20036.19148353499
