InputGenerationTime,0.03761291899718344
ProfilingTime,15.483518096036278
SimulationTime,69.07417554198764
FramaCExecutionTime,51.22099144104868
TotalExecutionTime,7897.23560460005
