InputGenerationTime,0.1789411689969711
ProfilingTime,24.274632831045892
SimulationTime,1096.778179156012
FramaCExecutionTime,71.89116228104103
TotalExecutionTime,19447.324847312004
