InputGenerationTime,0.1700858319964027
ProfilingTime,21.456768901000032
SimulationTime,1416.251883955003
FramaCExecutionTime,103.24842190599884
TotalExecutionTime,105752.038347794
