InputGenerationTime,0.3992919209995307
ProfilingTime,14.08398167398991
SimulationTime,2995.2818860439875
FramaCExecutionTime,106.92807259899564
TotalExecutionTime,142213.968157721
