InputGenerationTime,0.02053170499857515
ProfilingTime,12.980785207997542
SimulationTime,1334.4861092219944
FramaCExecutionTime,49.36256294703344
TotalExecutionTime,88602.62077139504
