InputGenerationTime,0.22238390904385597
ProfilingTime,28.145511763868853
SimulationTime,5694.812127413927
FramaCExecutionTime,104.69010964804329
TotalExecutionTime,68284.4270389661
