InputGenerationTime,0.19363364099990577
ProfilingTime,16.547153539024293
SimulationTime,865.2960672180052
FramaCExecutionTime,80.87790378002683
TotalExecutionTime,67031.31564109601
