InputGenerationTime,0.1029826570302248
ProfilingTime,36.013912988011725
SimulationTime,5538.495141562074
FramaCExecutionTime,74.36303333297838
TotalExecutionTime,112112.99749709794
