InputGenerationTime,0.03761291899718344
ProfilingTime,17.50381337699946
SimulationTime,71.30153838696424
FramaCExecutionTime,51.22099144104868
TotalExecutionTime,9544.511180890026
