InputGenerationTime,0.150059406994842
ProfilingTime,14.53856919601094
SimulationTime,463.68228014803026
FramaCExecutionTime,74.97603316104505
TotalExecutionTime,38026.610382329
