InputGenerationTime,0.21834907896118239
ProfilingTime,16.017344509018585
SimulationTime,845.3070583119988
FramaCExecutionTime,83.42115977802314
TotalExecutionTime,29558.527582673007
