InputGenerationTime,0.22238390904385597
ProfilingTime,20.729461240116507
SimulationTime,4911.884197873063
FramaCExecutionTime,104.69010964804329
TotalExecutionTime,125611.858380983
