InputGenerationTime,0.03787670301971957
ProfilingTime,13.627657972974703
SimulationTime,231.22608201601543
FramaCExecutionTime,51.537359822017606
TotalExecutionTime,19545.642665678984
