InputGenerationTime,0.19363364099990577
ProfilingTime,17.201559506997
SimulationTime,865.1624447440263
FramaCExecutionTime,80.87790378002683
TotalExecutionTime,61577.751044595
