InputGenerationTime,0.22238390904385597
ProfilingTime,22.54270095610991
SimulationTime,5601.739058685955
FramaCExecutionTime,104.69010964804329
TotalExecutionTime,114936.17094919097
