InputGenerationTime,0.31064138998044655
ProfilingTime,17.49352104801801
SimulationTime,1419.150161063997
FramaCExecutionTime,70.61506817897316
TotalExecutionTime,16397.126871962973
