InputGenerationTime,0.04033761902246624
ProfilingTime,15.699917964986525
SimulationTime,69.18224565999117
FramaCExecutionTime,50.36595385405235
TotalExecutionTime,18905.60172827996
