InputGenerationTime,0.3290693649905734
ProfilingTime,13.648053693992551
SimulationTime,495.0686505740159
FramaCExecutionTime,93.562849414011
TotalExecutionTime,68874.86391326098
