InputGenerationTime,0.1623866810114123
ProfilingTime,14.411431783984881
SimulationTime,479.18966508601443
FramaCExecutionTime,64.39105598500464
TotalExecutionTime,558.1580673290009
