InputGenerationTime,0.23707145699881949
ProfilingTime,27.33995266800048
SimulationTime,1484.8658270099986
FramaCExecutionTime,113.60268908800208
TotalExecutionTime,89359.75516502801
