InputGenerationTime,0.20275106496410444
ProfilingTime,13.290611500036903
SimulationTime,393.38366567803314
FramaCExecutionTime,72.41087386000436
TotalExecutionTime,35484.346923456
