InputGenerationTime,0.11007866600994021
ProfilingTime,33.09558571106754
SimulationTime,5849.139535982977
FramaCExecutionTime,75.16514147992712
TotalExecutionTime,177704.49213816703
