InputGenerationTime,0.13672967800016522
ProfilingTime,22.961250069000016
SimulationTime,1244.0203403560008
FramaCExecutionTime,86.47228649099998
TotalExecutionTime,9109.609555394
