InputGenerationTime,0.16784242202993482
ProfilingTime,15.790056261990685
SimulationTime,662.9051302299486
FramaCExecutionTime,62.749767625995446
TotalExecutionTime,6247.663654091011
