InputGenerationTime,0.04264359700027853
ProfilingTime,14.389038739958778
SimulationTime,350.7306191859534
FramaCExecutionTime,48.98651290300768
TotalExecutionTime,18664.85235257505
