InputGenerationTime,0.04519061098108068
ProfilingTime,15.095339275023434
SimulationTime,66.76127125095809
FramaCExecutionTime,50.35609116801061
TotalExecutionTime,378.13958247797564
