InputGenerationTime,0.03761291899718344
ProfilingTime,15.602261063992046
SimulationTime,69.84563985699788
FramaCExecutionTime,51.22099144104868
TotalExecutionTime,7643.046461767051
