InputGenerationTime,0.36992113500036794
ProfilingTime,17.861527080000087
SimulationTime,4805.170902557002
FramaCExecutionTime,107.32906808700045
TotalExecutionTime,63708.95180838
