InputGenerationTime,0.13672967800016522
ProfilingTime,24.185723693
SimulationTime,808.5252430030005
FramaCExecutionTime,86.47228649099998
TotalExecutionTime,5132.673216426
