InputGenerationTime,0.1700858319964027
ProfilingTime,21.65013791900128
SimulationTime,1887.9685573400056
FramaCExecutionTime,103.24842190599884
TotalExecutionTime,140315.395649102
