InputGenerationTime,0.1789411689969711
ProfilingTime,21.694254648988135
SimulationTime,1030.8214133580332
FramaCExecutionTime,71.89116228104103
TotalExecutionTime,42523.41954876197
