InputGenerationTime,0.02101032598875463
ProfilingTime,12.627485689008608
SimulationTime,250.99252625199733
FramaCExecutionTime,48.771614481986035
TotalExecutionTime,7064.1438049009885
