InputGenerationTime,0.22238390904385597
ProfilingTime,21.46323032095097
SimulationTime,4720.652423446998
FramaCExecutionTime,104.69010964804329
TotalExecutionTime,4847.0315968530485
