InputGenerationTime,0.29413005500100553
ProfilingTime,17.582113818993093
SimulationTime,1377.9946383020142
FramaCExecutionTime,91.28475642201374
TotalExecutionTime,34730.701947425
