InputGenerationTime,0.03787670301971957
ProfilingTime,12.742794690013397
SimulationTime,227.9023987299879
FramaCExecutionTime,51.537359822017606
TotalExecutionTime,22488.536645820015
