InputGenerationTime,0.04264359700027853
ProfilingTime,13.100815062993206
SimulationTime,357.95078233093955
FramaCExecutionTime,48.98651290300768
TotalExecutionTime,19686.443523730966
