InputGenerationTime,0.1623866810114123
ProfilingTime,16.84914855399984
SimulationTime,826.978179074009
FramaCExecutionTime,64.39105598500464
TotalExecutionTime,4342.834745260014
