InputGenerationTime,0.150059406994842
ProfilingTime,16.103898432978895
SimulationTime,842.7157606710098
FramaCExecutionTime,74.97603316104505
TotalExecutionTime,43479.021805481025
