InputGenerationTime,0.03504894801881164
ProfilingTime,14.693409146973863
SimulationTime,357.6730587769998
FramaCExecutionTime,49.650262785027735
TotalExecutionTime,29285.796949809068
