InputGenerationTime,0.11007866600994021
ProfilingTime,23.704487752984278
SimulationTime,3894.409828718053
FramaCExecutionTime,75.16514147992712
TotalExecutionTime,127097.48676697398
