InputGenerationTime,0.31064138998044655
ProfilingTime,17.677689103002194
SimulationTime,1416.2178352089832
FramaCExecutionTime,70.61506817897316
TotalExecutionTime,14960.278264330991
