InputGenerationTime,0.03478576202178374
ProfilingTime,14.254450810025446
SimulationTime,228.10982759401668
FramaCExecutionTime,50.926451303996146
TotalExecutionTime,2466.399491560005
