InputGenerationTime,0.3290693649905734
ProfilingTime,16.803184093994787
SimulationTime,1213.4793645830068
FramaCExecutionTime,93.562849414011
TotalExecutionTime,85009.31629602099
