InputGenerationTime,0.04394579504150897
ProfilingTime,15.398914790013805
SimulationTime,69.12632675899658
FramaCExecutionTime,51.4052862690296
TotalExecutionTime,135.97716480109375
