InputGenerationTime,0.29413005500100553
ProfilingTime,13.835178234992782
SimulationTime,386.6599323640112
FramaCExecutionTime,91.28475642201374
TotalExecutionTime,23974.596081201977
