InputGenerationTime,0.23707145699881949
ProfilingTime,20.953355342004215
SimulationTime,1585.657630531001
FramaCExecutionTime,113.60268908800208
TotalExecutionTime,66179.53738665901
