InputGenerationTime,0.2147221930208616
ProfilingTime,14.375524698989466
SimulationTime,506.8821633560001
FramaCExecutionTime,82.20159398502437
TotalExecutionTime,56984.859288622974
