InputGenerationTime,0.04264359700027853
ProfilingTime,12.460312327020802
SimulationTime,265.86210577597376
FramaCExecutionTime,48.98651290300768
TotalExecutionTime,18943.33121403097
