InputGenerationTime,0.20275106496410444
ProfilingTime,13.2602394449641
SimulationTime,393.26739572000224
FramaCExecutionTime,72.41087386000436
TotalExecutionTime,33838.57278379402
