InputGenerationTime,0.14289244503015652
ProfilingTime,14.949949611036573
SimulationTime,435.00589323596796
FramaCExecutionTime,73.29307201999472
TotalExecutionTime,20369.735297283973
