InputGenerationTime,0.23707145699881949
ProfilingTime,22.447734872999717
SimulationTime,972.2977122909942
FramaCExecutionTime,113.60268908800208
TotalExecutionTime,82385.708461438
