InputGenerationTime,0.03787670301971957
ProfilingTime,12.913566372008063
SimulationTime,229.15177745500114
FramaCExecutionTime,51.537359822017606
TotalExecutionTime,17589.66468041402
