InputGenerationTime,0.2105190139845945
ProfilingTime,18.00057607801864
SimulationTime,2851.3804708379903
FramaCExecutionTime,84.0937273070158
TotalExecutionTime,85656.49391061699
