InputGenerationTime,0.17438512202352285
ProfilingTime,13.724263523996342
SimulationTime,1970.078204850026
FramaCExecutionTime,73.87087842298206
TotalExecutionTime,33383.34860085399
