InputGenerationTime,0.03649758198298514
ProfilingTime,13.136034592986107
SimulationTime,446.74826193298213
FramaCExecutionTime,49.96223746309988
TotalExecutionTime,17831.53023106896
