InputGenerationTime,0.1627644940163009
ProfilingTime,15.292272953956854
SimulationTime,446.0884945380385
FramaCExecutionTime,58.767261137021706
TotalExecutionTime,8991.827185359027
