InputGenerationTime,0.29413005500100553
ProfilingTime,13.784609849011758
SimulationTime,487.7056760159903
FramaCExecutionTime,91.28475642201374
TotalExecutionTime,35232.38481459298
