InputGenerationTime,0.1403015929972753
ProfilingTime,12.703232385974843
SimulationTime,315.3920738400193
FramaCExecutionTime,67.99739167501684
TotalExecutionTime,10642.142816737003
