InputGenerationTime,0.04033761902246624
ProfilingTime,15.515458043082617
SimulationTime,68.69689126091544
FramaCExecutionTime,50.36595385405235
TotalExecutionTime,23242.505152493948
