InputGenerationTime,0.03649758198298514
ProfilingTime,12.484622828080319
SimulationTime,306.118868677062
FramaCExecutionTime,49.96223746309988
TotalExecutionTime,14200.676487292047
