InputGenerationTime,0.2105190139845945
ProfilingTime,17.05098524398636
SimulationTime,2848.2398978809942
FramaCExecutionTime,84.0937273070158
TotalExecutionTime,75150.83332472903
