InputGenerationTime,0.02943142002914101
ProfilingTime,12.32041843002662
SimulationTime,305.0156396200182
FramaCExecutionTime,50.386934716952965
TotalExecutionTime,1321.5992094839457
