InputGenerationTime,0.16784242202993482
ProfilingTime,13.923595467000268
SimulationTime,462.385668296949
FramaCExecutionTime,62.749767625995446
TotalExecutionTime,1005.0212254119688
