InputGenerationTime,0.16906677302904427
ProfilingTime,24.73265714198351
SimulationTime,5176.473162009148
FramaCExecutionTime,105.60095329186879
TotalExecutionTime,77842.01191630587
