InputGenerationTime,0.2147221930208616
ProfilingTime,13.968677008990198
SimulationTime,513.2448529769899
FramaCExecutionTime,82.20159398502437
TotalExecutionTime,43530.813315860985
