InputGenerationTime,0.20275106496410444
ProfilingTime,12.482811270048842
SimulationTime,306.76859226595843
FramaCExecutionTime,72.41087386000436
TotalExecutionTime,28747.182268747012
