InputGenerationTime,0.2105190139845945
ProfilingTime,14.986734539997997
SimulationTime,1970.3897212769953
FramaCExecutionTime,84.0937273070158
TotalExecutionTime,70053.280603702
