InputGenerationTime,0.14546583700575866
ProfilingTime,14.487416860996746
SimulationTime,493.2164945549739
FramaCExecutionTime,74.77319466500194
TotalExecutionTime,24663.235020876018
