InputGenerationTime,0.13672967800016522
ProfilingTime,26.28519136199975
SimulationTime,1340.6242140530012
FramaCExecutionTime,86.47228649099998
TotalExecutionTime,6499.796496733
