InputGenerationTime,0.1403015929972753
ProfilingTime,12.748510434001219
SimulationTime,298.0793407090241
FramaCExecutionTime,67.99739167501684
TotalExecutionTime,12296.30348487699
