InputGenerationTime,0.11007866600994021
ProfilingTime,40.163673433009535
SimulationTime,5926.379882681998
FramaCExecutionTime,75.16514147992712
TotalExecutionTime,193639.59640896798
