InputGenerationTime,0.1403015929972753
ProfilingTime,14.08412400004454
SimulationTime,489.88621717703063
FramaCExecutionTime,67.99739167501684
TotalExecutionTime,11985.323871853994
