InputGenerationTime,0.03504894801881164
ProfilingTime,12.62911758897826
SimulationTime,268.1901824659435
FramaCExecutionTime,49.650262785027735
TotalExecutionTime,28554.37218735402
