InputGenerationTime,0.150059406994842
ProfilingTime,16.137456251017284
SimulationTime,844.7274855400319
FramaCExecutionTime,74.97603316104505
TotalExecutionTime,47361.71787099799
