InputGenerationTime,0.29413005500100553
ProfilingTime,18.436120646976633
SimulationTime,1371.6308366039884
FramaCExecutionTime,91.28475642201374
TotalExecutionTime,40811.49292553298
