InputGenerationTime,0.1627644940163009
ProfilingTime,12.689275568001904
SimulationTime,304.83104260702385
FramaCExecutionTime,58.767261137021706
TotalExecutionTime,694.1468840729794
