InputGenerationTime,0.29413005500100553
ProfilingTime,13.998598550999304
SimulationTime,516.4473916300049
FramaCExecutionTime,91.28475642201374
TotalExecutionTime,44132.97738823798
