InputGenerationTime,0.2147221930208616
ProfilingTime,14.378847905027214
SimulationTime,523.6828767110128
FramaCExecutionTime,82.20159398502437
TotalExecutionTime,46305.262755781005
