InputGenerationTime,0.1700858319964027
ProfilingTime,28.95015040099679
SimulationTime,2287.486091810002
FramaCExecutionTime,103.24842190599884
TotalExecutionTime,131245.199716014
