InputGenerationTime,0.04519061098108068
ProfilingTime,15.041978409979492
SimulationTime,66.70520926901372
FramaCExecutionTime,50.35609116801061
TotalExecutionTime,296.22921098099323
