InputGenerationTime,0.21834907896118239
ProfilingTime,16.064540249994025
SimulationTime,853.6187063980033
FramaCExecutionTime,83.42115977802314
TotalExecutionTime,32154.69248379901
