InputGenerationTime,0.1623866810114123
ProfilingTime,17.006344834022457
SimulationTime,1400.375951693015
FramaCExecutionTime,64.39105598500464
TotalExecutionTime,13279.164780471998
