InputGenerationTime,0.2105190139845945
ProfilingTime,14.432601461012382
SimulationTime,1940.0159546220093
FramaCExecutionTime,84.0937273070158
TotalExecutionTime,68067.715098963
