InputGenerationTime,0.3992919209995307
ProfilingTime,14.15796619799221
SimulationTime,3050.7283119190106
FramaCExecutionTime,106.92807259899564
TotalExecutionTime,108069.99877500301
