InputGenerationTime,0.09294258896261454
ProfilingTime,33.92359244602267
SimulationTime,2053.3603757789824
FramaCExecutionTime,72.44099822000135
TotalExecutionTime,20614.974457095028
