InputGenerationTime,0.2105190139845945
ProfilingTime,17.784127935010474
SimulationTime,3489.3870089090196
FramaCExecutionTime,84.0937273070158
TotalExecutionTime,107559.056258756
