InputGenerationTime,0.1623866810114123
ProfilingTime,16.181316144997254
SimulationTime,869.5249315859983
FramaCExecutionTime,64.39105598500464
TotalExecutionTime,15050.279723212996
