InputGenerationTime,0.2147221930208616
ProfilingTime,16.35356653103372
SimulationTime,841.4586813719943
FramaCExecutionTime,82.20159398502437
TotalExecutionTime,48018.94145504298
