InputGenerationTime,0.13672967800016522
ProfilingTime,22.00938139999971
SimulationTime,1344.6127308420005
FramaCExecutionTime,86.47228649099998
TotalExecutionTime,2404.010676877
