InputGenerationTime,0.1748106989543885
ProfilingTime,16.115146292955615
SimulationTime,1129.6882548920112
FramaCExecutionTime,77.10620760498568
TotalExecutionTime,38279.46443434898
