InputGenerationTime,0.17213920800713822
ProfilingTime,12.698815584997647
SimulationTime,314.19800259300973
FramaCExecutionTime,70.0929242069833
TotalExecutionTime,24511.947038048995
