InputGenerationTime,0.03344180900603533
ProfilingTime,21.485826106974855
SimulationTime,668.5449290230172
FramaCExecutionTime,50.28500775108114
TotalExecutionTime,25346.546277862042
