InputGenerationTime,0.10734761599451303
ProfilingTime,31.417704307008535
SimulationTime,2389.6160230910173
FramaCExecutionTime,74.86267644702457
TotalExecutionTime,101982.75213748205
