InputGenerationTime,0.14546583700575866
ProfilingTime,16.081148872035556
SimulationTime,799.0735455710092
FramaCExecutionTime,74.77319466500194
TotalExecutionTime,31274.37394333302
