InputGenerationTime,0.2105190139845945
ProfilingTime,16.849296165979467
SimulationTime,2808.3174393569934
FramaCExecutionTime,84.0937273070158
TotalExecutionTime,110384.43714307304
