InputGenerationTime,0.1403015929972753
ProfilingTime,12.943357618001755
SimulationTime,320.84788430604385
FramaCExecutionTime,67.99739167501684
TotalExecutionTime,10976.090945566015
