InputGenerationTime,0.23707145699881949
ProfilingTime,20.796891552003217
SimulationTime,1584.6273304929928
FramaCExecutionTime,113.60268908800208
TotalExecutionTime,69774.23918551201
