InputGenerationTime,0.18352015601703897
ProfilingTime,12.56767605402274
SimulationTime,1253.9871222870424
FramaCExecutionTime,73.45890214497922
TotalExecutionTime,44017.35510806803
