InputGenerationTime,0.2105190139845945
ProfilingTime,17.667343351000454
SimulationTime,2803.490353366011
FramaCExecutionTime,84.0937273070158
TotalExecutionTime,101231.905766107
