InputGenerationTime,0.19363364099990577
ProfilingTime,17.170296704978682
SimulationTime,1326.4579965720186
FramaCExecutionTime,80.87790378002683
TotalExecutionTime,63804.76285706801
