InputGenerationTime,0.09294258896261454
ProfilingTime,43.372233286034316
SimulationTime,2623.25833374192
FramaCExecutionTime,72.44099822000135
TotalExecutionTime,31166.293949514977
