InputGenerationTime,0.14546583700575866
ProfilingTime,16.82084124200628
SimulationTime,779.288545930991
FramaCExecutionTime,74.77319466500194
TotalExecutionTime,21249.003794660006
