InputGenerationTime,0.03504894801881164
ProfilingTime,12.061079912004061
SimulationTime,256.3152712609153
FramaCExecutionTime,49.650262785027735
TotalExecutionTime,31655.164260450983
