InputGenerationTime,0.04264359700027853
ProfilingTime,12.539435478975065
SimulationTime,267.1644932599738
FramaCExecutionTime,48.98651290300768
TotalExecutionTime,23428.77214739006
