InputGenerationTime,0.04605658899527043
ProfilingTime,15.521872911951505
SimulationTime,69.68176573701203
FramaCExecutionTime,50.800753629999235
TotalExecutionTime,11585.331194428029
