InputGenerationTime,0.20275106496410444
ProfilingTime,13.55777027097065
SimulationTime,394.10747394600185
FramaCExecutionTime,72.41087386000436
TotalExecutionTime,34650.179161112
