InputGenerationTime,0.03787670301971957
ProfilingTime,13.918340513017029
SimulationTime,231.0421546389698
FramaCExecutionTime,51.537359822017606
TotalExecutionTime,22247.754777411
