InputGenerationTime,0.19363364099990577
ProfilingTime,14.47516709100455
SimulationTime,525.9531021429575
FramaCExecutionTime,80.87790378002683
TotalExecutionTime,52272.099859187
