InputGenerationTime,0.16906677302904427
ProfilingTime,30.754244803916663
SimulationTime,6806.493506158935
FramaCExecutionTime,105.60095329186879
TotalExecutionTime,103281.57931288099
