InputGenerationTime,0.13154517099974328
ProfilingTime,21.631019710002874
SimulationTime,1592.714650175003
FramaCExecutionTime,97.15951074999975
TotalExecutionTime,32563.979857770002
