InputGenerationTime,0.19363364099990577
ProfilingTime,17.249120283988304
SimulationTime,878.3082989149843
FramaCExecutionTime,80.87790378002683
TotalExecutionTime,56936.51454208503
