InputGenerationTime,0.16906677302904427
ProfilingTime,28.307897782884538
SimulationTime,6037.741496516159
FramaCExecutionTime,105.60095329186879
TotalExecutionTime,31915.832328250865
