InputGenerationTime,0.2105190139845945
ProfilingTime,16.681471126968972
SimulationTime,2806.182050008967
FramaCExecutionTime,84.0937273070158
TotalExecutionTime,98410.55017191303
