InputGenerationTime,0.2185508770053275
ProfilingTime,16.897123603033833
SimulationTime,801.3404467030196
FramaCExecutionTime,81.13867704098811
TotalExecutionTime,12990.936531204963
