InputGenerationTime,0.17438512202352285
ProfilingTime,13.590846523991786
SimulationTime,1970.4906057849876
FramaCExecutionTime,73.87087842298206
TotalExecutionTime,25343.096934759
