InputGenerationTime,0.23707145699881949
ProfilingTime,27.59757727300166
SimulationTime,1483.5095872010133
FramaCExecutionTime,113.60268908800208
TotalExecutionTime,87847.31741751601
