InputGenerationTime,0.13672967800016522
ProfilingTime,26.03061108499969
SimulationTime,1351.3871927149994
FramaCExecutionTime,86.47228649099998
TotalExecutionTime,13228.383435984999
