InputGenerationTime,0.16906677302904427
ProfilingTime,30.574622215004638
SimulationTime,6163.907903488027
FramaCExecutionTime,105.60095329186879
TotalExecutionTime,96444.03400954697
