InputGenerationTime,0.2105190139845945
ProfilingTime,14.625263532012468
SimulationTime,1946.0099428959948
FramaCExecutionTime,84.0937273070158
TotalExecutionTime,64629.90989362402
