InputGenerationTime,0.2147221930208616
ProfilingTime,15.937508865026757
SimulationTime,838.8507948830375
FramaCExecutionTime,82.20159398502437
TotalExecutionTime,56463.421959395986
