InputGenerationTime,0.03787670301971957
ProfilingTime,12.862976796051953
SimulationTime,230.38572522398317
FramaCExecutionTime,51.537359822017606
TotalExecutionTime,17833.050655364
