InputGenerationTime,0.17213920800713822
ProfilingTime,13.13705330999801
SimulationTime,435.8939881430124
FramaCExecutionTime,70.0929242069833
TotalExecutionTime,23422.588114426995
