InputGenerationTime,0.03649758198298514
ProfilingTime,12.570153306005523
SimulationTime,311.36757183796726
FramaCExecutionTime,49.96223746309988
TotalExecutionTime,15028.512724941014
