InputGenerationTime,0.19363364099990577
ProfilingTime,16.115363948978484
SimulationTime,867.2156020719558
FramaCExecutionTime,80.87790378002683
TotalExecutionTime,64688.275940672
