InputGenerationTime,0.16906677302904427
ProfilingTime,23.587841138942167
SimulationTime,5619.477592736948
FramaCExecutionTime,105.60095329186879
TotalExecutionTime,43671.99637086294
