InputGenerationTime,0.16906677302904427
ProfilingTime,21.613003921927884
SimulationTime,5185.474063775968
FramaCExecutionTime,105.60095329186879
TotalExecutionTime,133102.99524338497
