InputGenerationTime,0.1623866810114123
ProfilingTime,16.081653625005856
SimulationTime,824.3794081510277
FramaCExecutionTime,64.39105598500464
TotalExecutionTime,7352.423550606996
