InputGenerationTime,0.36992113500036794
ProfilingTime,16.518088669999997
SimulationTime,4801.361150689001
FramaCExecutionTime,107.32906808700045
TotalExecutionTime,20295.025135042997
