InputGenerationTime,0.2147221930208616
ProfilingTime,15.97838846698869
SimulationTime,839.1984659360023
FramaCExecutionTime,82.20159398502437
TotalExecutionTime,48874.28874868498
