InputGenerationTime,0.3992919209995307
ProfilingTime,16.786380128993187
SimulationTime,4171.220290143014
FramaCExecutionTime,106.92807259899564
TotalExecutionTime,167333.270901729
