InputGenerationTime,0.29413005500100553
ProfilingTime,13.410406854003668
SimulationTime,408.5336060660193
FramaCExecutionTime,91.28475642201374
TotalExecutionTime,45851.312862159975
