InputGenerationTime,0.04394579504150897
ProfilingTime,21.003522798069753
SimulationTime,793.3114808340324
FramaCExecutionTime,51.4052862690296
TotalExecutionTime,2835.7140942850383
