InputGenerationTime,0.19363364099990577
ProfilingTime,14.490214424964506
SimulationTime,538.0128341719974
FramaCExecutionTime,80.87790378002683
TotalExecutionTime,51225.01374024499
