InputGenerationTime,0.03344180900603533
ProfilingTime,15.171993418945931
SimulationTime,68.7323245969601
FramaCExecutionTime,50.28500775108114
TotalExecutionTime,24229.67815774097
