InputGenerationTime,0.16784242202993482
ProfilingTime,16.188137427030597
SimulationTime,663.0594943450415
FramaCExecutionTime,62.749767625995446
TotalExecutionTime,5568.791807061993
