InputGenerationTime,0.09294258896261454
ProfilingTime,32.14633158000652
SimulationTime,2092.159677810967
FramaCExecutionTime,72.44099822000135
TotalExecutionTime,35546.698086382006
