InputGenerationTime,0.3562486529990565
ProfilingTime,16.79754422197584
SimulationTime,1185.5658247020037
FramaCExecutionTime,101.63799356500385
TotalExecutionTime,58165.02316629398
