InputGenerationTime,0.1627644940163009
ProfilingTime,12.6451720080222
SimulationTime,299.2275164279854
FramaCExecutionTime,58.767261137021706
TotalExecutionTime,4598.701776959002
