InputGenerationTime,0.31064138998044655
ProfilingTime,13.880548676010221
SimulationTime,500.423418847
FramaCExecutionTime,70.61506817897316
TotalExecutionTime,2372.141184705979
