InputGenerationTime,0.22238390904385597
ProfilingTime,29.720350133953616
SimulationTime,5712.728822482051
FramaCExecutionTime,104.69010964804329
TotalExecutionTime,120678.94365202112
