InputGenerationTime,0.1789411689969711
ProfilingTime,29.026790278963745
SimulationTime,2128.367908723012
FramaCExecutionTime,71.89116228104103
TotalExecutionTime,21604.920494691993
