InputGenerationTime,0.04519061098108068
ProfilingTime,15.639372330973856
SimulationTime,67.36013073998038
FramaCExecutionTime,50.35609116801061
TotalExecutionTime,461.17714322701795
