InputGenerationTime,0.1789411689969711
ProfilingTime,23.10478580999188
SimulationTime,1170.2414788539754
FramaCExecutionTime,71.89116228104103
TotalExecutionTime,3833.2258119049948
