InputGenerationTime,0.19363364099990577
ProfilingTime,14.269476318964735
SimulationTime,493.84407325595384
FramaCExecutionTime,80.87790378002683
TotalExecutionTime,50672.34555660098
