InputGenerationTime,0.2105190139845945
ProfilingTime,15.060519046994159
SimulationTime,1892.50938415798
FramaCExecutionTime,84.0937273070158
TotalExecutionTime,79921.854201465
