InputGenerationTime,0.23707145699881949
ProfilingTime,25.17783905500255
SimulationTime,1351.5719838799996
FramaCExecutionTime,113.60268908800208
TotalExecutionTime,73859.292508659
