InputGenerationTime,0.1789411689969711
ProfilingTime,23.350660157972015
SimulationTime,1350.464631194016
FramaCExecutionTime,71.89116228104103
TotalExecutionTime,2639.664235771983
