InputGenerationTime,0.04519061098108068
ProfilingTime,39.03071198496036
SimulationTime,1185.7519134260365
FramaCExecutionTime,50.35609116801061
TotalExecutionTime,8432.664976031054
