InputGenerationTime,0.03478576202178374
ProfilingTime,13.984400177025236
SimulationTime,228.59528055100236
FramaCExecutionTime,50.926451303996146
TotalExecutionTime,3192.6791402620147
