InputGenerationTime,0.03504894801881164
ProfilingTime,13.995487501961179
SimulationTime,344.7734374019783
FramaCExecutionTime,49.650262785027735
TotalExecutionTime,28913.290365819004
