InputGenerationTime,0.23707145699881949
ProfilingTime,26.24885139199614
SimulationTime,1354.799682566998
FramaCExecutionTime,113.60268908800208
TotalExecutionTime,80016.53137255501
