InputGenerationTime,0.02101032598875463
ProfilingTime,12.98183700098889
SimulationTime,252.62756593403174
FramaCExecutionTime,48.771614481986035
TotalExecutionTime,9983.745534140035
