InputGenerationTime,0.17213920800713822
ProfilingTime,13.303041481995024
SimulationTime,437.36330213199835
FramaCExecutionTime,70.0929242069833
TotalExecutionTime,26813.614360885986
