InputGenerationTime,0.17213920800713822
ProfilingTime,13.82971539295977
SimulationTime,433.7662422269932
FramaCExecutionTime,70.0929242069833
TotalExecutionTime,25409.129207017017
