InputGenerationTime,0.2185508770053275
ProfilingTime,14.282174628984649
SimulationTime,683.1054106840165
FramaCExecutionTime,81.13867704098811
TotalExecutionTime,778.7483473980101
