InputGenerationTime,0.29413005500100553
ProfilingTime,18.083778297004756
SimulationTime,1377.3792472920031
FramaCExecutionTime,91.28475642201374
TotalExecutionTime,42207.139122629975
