InputGenerationTime,0.04033761902246624
ProfilingTime,15.3968401029706
SimulationTime,68.6296549210092
FramaCExecutionTime,50.36595385405235
TotalExecutionTime,18733.157837960054
