InputGenerationTime,0.3992919209995307
ProfilingTime,17.548876094981097
SimulationTime,4151.169136326993
FramaCExecutionTime,106.92807259899564
TotalExecutionTime,158955.13511083802
