InputGenerationTime,0.36992113500036794
ProfilingTime,16.34379184199497
SimulationTime,4707.244620403988
FramaCExecutionTime,107.32906808700045
TotalExecutionTime,91150.503071041
