InputGenerationTime,0.14546583700575866
ProfilingTime,14.766915882995818
SimulationTime,467.05756578498404
FramaCExecutionTime,74.77319466500194
TotalExecutionTime,21730.998336207005
