InputGenerationTime,0.20275106496410444
ProfilingTime,13.574857446015812
SimulationTime,390.04958991799504
FramaCExecutionTime,72.41087386000436
TotalExecutionTime,34242.35608725302
