InputGenerationTime,0.1748106989543885
ProfilingTime,14.352915326016955
SimulationTime,461.4966124390485
FramaCExecutionTime,77.10620760498568
TotalExecutionTime,31326.283216879005
