InputGenerationTime,0.18352015601703897
ProfilingTime,13.35221552796429
SimulationTime,1653.9523269549827
FramaCExecutionTime,73.45890214497922
TotalExecutionTime,56203.99285953003
