InputGenerationTime,0.1627644940163009
ProfilingTime,14.247873213957064
SimulationTime,449.257089842984
FramaCExecutionTime,58.767261137021706
TotalExecutionTime,6313.394090541988
