InputGenerationTime,0.1748106989543885
ProfilingTime,15.535672942001838
SimulationTime,682.3380635119975
FramaCExecutionTime,77.10620760498568
TotalExecutionTime,33423.36034577299
