InputGenerationTime,0.2147221930208616
ProfilingTime,16.46700470201904
SimulationTime,1460.8687841260107
FramaCExecutionTime,82.20159398502437
TotalExecutionTime,54754.762663714006
