InputGenerationTime,0.2147221930208616
ProfilingTime,13.9192406120128
SimulationTime,528.2866967869923
FramaCExecutionTime,82.20159398502437
TotalExecutionTime,43003.43499955599
