InputGenerationTime,0.04264359700027853
ProfilingTime,13.05986609403044
SimulationTime,357.6961176379118
FramaCExecutionTime,48.98651290300768
TotalExecutionTime,20057.34811632207
