InputGenerationTime,0.03478576202178374
ProfilingTime,13.90360503300326
SimulationTime,227.78875653102295
FramaCExecutionTime,50.926451303996146
TotalExecutionTime,2708.2300543049932
