InputGenerationTime,0.0958440329413861
ProfilingTime,33.82121199101675
SimulationTime,2184.915096001001
FramaCExecutionTime,72.12957090092823
TotalExecutionTime,56117.94739412307
