InputGenerationTime,0.03649758198298514
ProfilingTime,13.072556036990136
SimulationTime,490.5264956819592
FramaCExecutionTime,49.96223746309988
TotalExecutionTime,14704.422055272036
