InputGenerationTime,0.16784242202993482
ProfilingTime,14.08594554598676
SimulationTime,432.23025049304124
FramaCExecutionTime,62.749767625995446
TotalExecutionTime,12800.993195796967
