InputGenerationTime,0.3992919209995307
ProfilingTime,16.846275941992644
SimulationTime,4172.789569567016
FramaCExecutionTime,106.92807259899564
TotalExecutionTime,163145.013410312
