InputGenerationTime,0.31064138998044655
ProfilingTime,13.548147152992897
SimulationTime,355.8042999879981
FramaCExecutionTime,70.61506817897316
TotalExecutionTime,905.0248769999889
