InputGenerationTime,0.03344180900603533
ProfilingTime,17.04067130200565
SimulationTime,71.39975285099354
FramaCExecutionTime,50.28500775108114
TotalExecutionTime,25700.43747315195
