InputGenerationTime,0.03761291899718344
ProfilingTime,15.527555488049984
SimulationTime,69.22195919102523
FramaCExecutionTime,51.22099144104868
TotalExecutionTime,7812.633208571002
