InputGenerationTime,0.22238390904385597
ProfilingTime,23.571742080966942
SimulationTime,4745.933397887973
FramaCExecutionTime,104.69010964804329
TotalExecutionTime,23884.395811336
