InputGenerationTime,0.1627644940163009
ProfilingTime,12.384503701003268
SimulationTime,278.8758896490326
FramaCExecutionTime,58.767261137021706
TotalExecutionTime,9283.246098627977
