InputGenerationTime,0.02943142002914101
ProfilingTime,13.026052580098622
SimulationTime,495.6199693100061
FramaCExecutionTime,50.386934716952965
TotalExecutionTime,5332.969713006052
