InputGenerationTime,0.02101032598875463
ProfilingTime,13.108458684990183
SimulationTime,253.17974298802437
FramaCExecutionTime,48.771614481986035
TotalExecutionTime,11048.055357306032
