InputGenerationTime,0.3290693649905734
ProfilingTime,13.55527294400963
SimulationTime,485.0213680710003
FramaCExecutionTime,93.562849414011
TotalExecutionTime,77646.09093422198
