InputGenerationTime,0.03787670301971957
ProfilingTime,14.21241599402856
SimulationTime,232.18674558296334
FramaCExecutionTime,51.537359822017606
TotalExecutionTime,20777.42409729003
