InputGenerationTime,0.1029826570302248
ProfilingTime,25.269062930950895
SimulationTime,4253.047671359964
FramaCExecutionTime,74.36303333297838
TotalExecutionTime,19394.640486357966
