InputGenerationTime,0.1627644940163009
ProfilingTime,13.9077768860152
SimulationTime,447.6439398289658
FramaCExecutionTime,58.767261137021706
TotalExecutionTime,7725.747183362022
