InputGenerationTime,0.0958440329413861
ProfilingTime,37.933201828971505
SimulationTime,2146.5626283829333
FramaCExecutionTime,72.12957090092823
TotalExecutionTime,50465.159298198065
