InputGenerationTime,0.18352015601703897
ProfilingTime,14.453219079005066
SimulationTime,1634.552338937996
FramaCExecutionTime,73.45890214497922
TotalExecutionTime,73381.55162793602
