InputGenerationTime,0.03344180900603533
ProfilingTime,15.521388467983343
SimulationTime,69.02078488306142
FramaCExecutionTime,50.28500775108114
TotalExecutionTime,29770.684451824985
