InputGenerationTime,0.04394579504150897
ProfilingTime,22.346846724045463
SimulationTime,817.390080673038
FramaCExecutionTime,51.4052862690296
TotalExecutionTime,1406.0338686930481
