InputGenerationTime,0.04519061098108068
ProfilingTime,15.25985920696985
SimulationTime,68.01737610402051
FramaCExecutionTime,50.35609116801061
TotalExecutionTime,1493.7401008270099
