InputGenerationTime,0.2185508770053275
ProfilingTime,16.25070157099981
SimulationTime,810.3517309160088
FramaCExecutionTime,81.13867704098811
TotalExecutionTime,13817.697906976973
