InputGenerationTime,0.0958440329413861
ProfilingTime,33.02113593101967
SimulationTime,2184.52834744798
FramaCExecutionTime,72.12957090092823
TotalExecutionTime,61601.337536468054
