InputGenerationTime,0.15652003599097952
ProfilingTime,16.901075585978106
SimulationTime,3124.675629921985
FramaCExecutionTime,78.31167951601674
TotalExecutionTime,27939.93744184001
