InputGenerationTime,0.13672967800016522
ProfilingTime,26.233665099000063
SimulationTime,1477.0714283609996
FramaCExecutionTime,86.47228649099998
TotalExecutionTime,25255.809143183
