InputGenerationTime,0.0958440329413861
ProfilingTime,36.6851448379457
SimulationTime,2317.1445423610276
FramaCExecutionTime,72.12957090092823
TotalExecutionTime,74952.05506463104
