InputGenerationTime,0.2185508770053275
ProfilingTime,16.137843513977714
SimulationTime,780.0175464340136
FramaCExecutionTime,81.13867704098811
TotalExecutionTime,16909.18446623301
