InputGenerationTime,0.16906677302904427
ProfilingTime,27.240420534973964
SimulationTime,6167.988075437956
FramaCExecutionTime,105.60095329186879
TotalExecutionTime,115673.88779069786
