InputGenerationTime,0.21834907896118239
ProfilingTime,16.73091296601342
SimulationTime,844.4862275480409
FramaCExecutionTime,83.42115977802314
TotalExecutionTime,22250.05173004599
