InputGenerationTime,0.1700858319964027
ProfilingTime,25.989557769004023
SimulationTime,2129.3696439689957
FramaCExecutionTime,103.24842190599884
TotalExecutionTime,138405.495918629
