InputGenerationTime,0.11007866600994021
ProfilingTime,31.35029248893261
SimulationTime,5840.610267165001
FramaCExecutionTime,75.16514147992712
TotalExecutionTime,140911.59079104394
