InputGenerationTime,0.17438512202352285
ProfilingTime,13.471200191997923
SimulationTime,1971.299647051026
FramaCExecutionTime,73.87087842298206
TotalExecutionTime,18496.041284476
