InputGenerationTime,0.1623866810114123
ProfilingTime,14.246856769983424
SimulationTime,478.9544577029883
FramaCExecutionTime,64.39105598500464
TotalExecutionTime,1577.1924782129936
