InputGenerationTime,0.04605658899527043
ProfilingTime,27.135460378951393
SimulationTime,781.7701464759884
FramaCExecutionTime,50.800753629999235
TotalExecutionTime,13360.695318346028
