InputGenerationTime,0.1029826570302248
ProfilingTime,38.202967344084755
SimulationTime,5914.15530437394
FramaCExecutionTime,74.36303333297838
TotalExecutionTime,78072.59003805905
