InputGenerationTime,0.18352015601703897
ProfilingTime,12.783866962010507
SimulationTime,1309.4389361159992
FramaCExecutionTime,73.45890214497922
TotalExecutionTime,71732.36815640301
