InputGenerationTime,0.150059406994842
ProfilingTime,17.209288218000438
SimulationTime,849.3400774229667
FramaCExecutionTime,74.97603316104505
TotalExecutionTime,44345.747841249016
