InputGenerationTime,0.02101032598875463
ProfilingTime,13.119826069043484
SimulationTime,254.29886198800523
FramaCExecutionTime,48.771614481986035
TotalExecutionTime,11315.613835800032
