InputGenerationTime,0.2185508770053275
ProfilingTime,15.659770252997987
SimulationTime,717.2029612089973
FramaCExecutionTime,81.13867704098811
TotalExecutionTime,3578.5187587229884
