InputGenerationTime,0.09294258896261454
ProfilingTime,39.13644261693116
SimulationTime,2040.6140336600365
FramaCExecutionTime,72.44099822000135
TotalExecutionTime,10086.698334938963
