InputGenerationTime,0.1627644940163009
ProfilingTime,13.880428300006315
SimulationTime,448.7941249390133
FramaCExecutionTime,58.767261137021706
TotalExecutionTime,4286.673163751024
