InputGenerationTime,0.02943142002914101
ProfilingTime,14.732994574005716
SimulationTime,433.5860115780961
FramaCExecutionTime,50.386934716952965
TotalExecutionTime,6564.4242457300425
