InputGenerationTime,0.03504894801881164
ProfilingTime,13.140069535002112
SimulationTime,355.9633932959987
FramaCExecutionTime,49.650262785027735
TotalExecutionTime,27623.430865213042
