InputGenerationTime,0.20275106496410444
ProfilingTime,13.64342552202288
SimulationTime,393.19619968003826
FramaCExecutionTime,72.41087386000436
TotalExecutionTime,31979.96419228101
