InputGenerationTime,0.31064138998044655
ProfilingTime,17.003545251995092
SimulationTime,1368.739468462998
FramaCExecutionTime,70.61506817897316
TotalExecutionTime,11601.033672633988
