InputGenerationTime,0.29413005500100553
ProfilingTime,13.6409806709853
SimulationTime,444.73917864001123
FramaCExecutionTime,91.28475642201374
TotalExecutionTime,33334.95576313598
