InputGenerationTime,0.03478576202178374
ProfilingTime,13.919399075035471
SimulationTime,227.3538162719924
FramaCExecutionTime,50.926451303996146
TotalExecutionTime,3434.0908140310203
