InputGenerationTime,0.16906677302904427
ProfilingTime,31.80360612599179
SimulationTime,6080.689857963007
FramaCExecutionTime,105.60095329186879
TotalExecutionTime,38028.63972806395
