InputGenerationTime,0.04033761902246624
ProfilingTime,15.168597043957561
SimulationTime,69.45321227097884
FramaCExecutionTime,50.36595385405235
TotalExecutionTime,17147.29585438699
