InputGenerationTime,0.03761291899718344
ProfilingTime,20.186882107984275
SimulationTime,890.2291072129738
FramaCExecutionTime,51.22099144104868
TotalExecutionTime,10540.732140279026
