InputGenerationTime,0.3992919209995307
ProfilingTime,13.44761880999431
SimulationTime,2656.902549743012
FramaCExecutionTime,106.92807259899564
TotalExecutionTime,177143.39741640902
