InputGenerationTime,0.04519061098108068
ProfilingTime,17.610269561992027
SimulationTime,73.19557619094849
FramaCExecutionTime,50.35609116801061
TotalExecutionTime,8523.616490227985
