InputGenerationTime,0.3562486529990565
ProfilingTime,13.134917726012645
SimulationTime,401.91410791000817
FramaCExecutionTime,101.63799356500385
TotalExecutionTime,66243.67529736398
