InputGenerationTime,0.21834907896118239
ProfilingTime,14.226383203989826
SimulationTime,756.0034536779858
FramaCExecutionTime,83.42115977802314
TotalExecutionTime,19180.51752509497
