InputGenerationTime,0.1627644940163009
ProfilingTime,12.66381869604811
SimulationTime,304.64365566300694
FramaCExecutionTime,58.767261137021706
TotalExecutionTime,1011.6052819429897
