InputGenerationTime,0.19363364099990577
ProfilingTime,13.97243822098244
SimulationTime,447.23864529898856
FramaCExecutionTime,80.87790378002683
TotalExecutionTime,67492.70008097103
