InputGenerationTime,0.1700858319964027
ProfilingTime,21.306581569995615
SimulationTime,2118.8447232290055
FramaCExecutionTime,103.24842190599884
TotalExecutionTime,113647.283923234
