InputGenerationTime,0.15652003599097952
ProfilingTime,15.39106284599984
SimulationTime,2338.8004754019785
FramaCExecutionTime,78.31167951601674
TotalExecutionTime,57620.89951555102
