InputGenerationTime,0.02053170499857515
ProfilingTime,12.940326387993991
SimulationTime,7197.606513451028
FramaCExecutionTime,49.36256294703344
TotalExecutionTime,19636.712500074995
