InputGenerationTime,0.18352015601703897
ProfilingTime,13.330163777980488
SimulationTime,1640.0535833150498
FramaCExecutionTime,73.45890214497922
TotalExecutionTime,70409.95854458504
