InputGenerationTime,0.17213920800713822
ProfilingTime,13.173914988001343
SimulationTime,436.09506573399995
FramaCExecutionTime,70.0929242069833
TotalExecutionTime,24961.376694137987
