InputGenerationTime,0.1403015929972753
ProfilingTime,14.083632451016456
SimulationTime,490.63833854097174
FramaCExecutionTime,67.99739167501684
TotalExecutionTime,13305.450328484003
