InputGenerationTime,0.14546583700575866
ProfilingTime,18.252986413950566
SimulationTime,800.8320956270327
FramaCExecutionTime,74.77319466500194
TotalExecutionTime,32664.927980359033
