InputGenerationTime,0.1627644940163009
ProfilingTime,13.719947409001179
SimulationTime,448.55694249499356
FramaCExecutionTime,58.767261137021706
TotalExecutionTime,2129.1034260910237
