InputGenerationTime,0.11007866600994021
ProfilingTime,25.09344669303391
SimulationTime,4274.265482202987
FramaCExecutionTime,75.16514147992712
TotalExecutionTime,135039.39689044794
