InputGenerationTime,0.04519061098108068
ProfilingTime,14.991095586970914
SimulationTime,67.06107270298526
FramaCExecutionTime,50.35609116801061
TotalExecutionTime,132.4560138050001
