InputGenerationTime,0.04394579504150897
ProfilingTime,18.69947083608713
SimulationTime,72.08021197002381
FramaCExecutionTime,51.4052862690296
TotalExecutionTime,1672.2331947400235
