InputGenerationTime,0.1748106989543885
ProfilingTime,14.12482439604355
SimulationTime,446.84323459398
FramaCExecutionTime,77.10620760498568
TotalExecutionTime,40138.512562708
