InputGenerationTime,0.03787670301971957
ProfilingTime,13.897792618023232
SimulationTime,231.84149617695948
FramaCExecutionTime,51.537359822017606
TotalExecutionTime,21514.970368343988
