InputGenerationTime,0.03649758198298514
ProfilingTime,14.909679056028835
SimulationTime,488.6095000129426
FramaCExecutionTime,49.96223746309988
TotalExecutionTime,12055.625160224037
