InputGenerationTime,0.13154517099974328
ProfilingTime,28.407376846997067
SimulationTime,1464.6602756799984
FramaCExecutionTime,97.15951074999975
TotalExecutionTime,44417.370796041
