InputGenerationTime,0.13672967800016522
ProfilingTime,28.06214034400182
SimulationTime,1434.2439731330014
FramaCExecutionTime,86.47228649099998
TotalExecutionTime,20493.370447462
