InputGenerationTime,0.1029826570302248
ProfilingTime,24.186332738026977
SimulationTime,3853.920291314018
FramaCExecutionTime,74.36303333297838
TotalExecutionTime,7727.744232860045
