InputGenerationTime,0.22238390904385597
ProfilingTime,31.3181925379904
SimulationTime,5923.899637904018
FramaCExecutionTime,104.69010964804329
TotalExecutionTime,35558.89894884499
