InputGenerationTime,0.03478576202178374
ProfilingTime,14.825418847962283
SimulationTime,227.33443107502535
FramaCExecutionTime,50.926451303996146
TotalExecutionTime,4886.1594377059955
