InputGenerationTime,0.02943142002914101
ProfilingTime,12.752329646027647
SimulationTime,310.0034342140425
FramaCExecutionTime,50.386934716952965
TotalExecutionTime,5655.8743037469685
