InputGenerationTime,0.1748106989543885
ProfilingTime,13.519293203018606
SimulationTime,453.16681454505306
FramaCExecutionTime,77.10620760498568
TotalExecutionTime,41273.968248174
