InputGenerationTime,0.150059406994842
ProfilingTime,16.37139175599441
SimulationTime,843.8499975419836
FramaCExecutionTime,74.97603316104505
TotalExecutionTime,45206.14021409102
