InputGenerationTime,0.1627644940163009
ProfilingTime,12.760597826971207
SimulationTime,317.7056936189765
FramaCExecutionTime,58.767261137021706
TotalExecutionTime,1666.6784931150032
