InputGenerationTime,0.3562486529990565
ProfilingTime,16.566314545983914
SimulationTime,1184.918067261984
FramaCExecutionTime,101.63799356500385
TotalExecutionTime,50769.08546757497
