InputGenerationTime,0.19363364099990577
ProfilingTime,14.973008424043655
SimulationTime,564.7296875829925
FramaCExecutionTime,80.87790378002683
TotalExecutionTime,66149.31422205499
