InputGenerationTime,0.3562486529990565
ProfilingTime,13.688918133993866
SimulationTime,494.12624848500127
FramaCExecutionTime,101.63799356500385
TotalExecutionTime,48365.31026629597
