InputGenerationTime,0.3290693649905734
ProfilingTime,13.495059211010812
SimulationTime,453.0688402770029
FramaCExecutionTime,93.562849414011
TotalExecutionTime,66804.32261437198
