InputGenerationTime,0.14546583700575866
ProfilingTime,16.604466027987655
SimulationTime,799.6631474180031
FramaCExecutionTime,74.77319466500194
TotalExecutionTime,28459.399789798015
