InputGenerationTime,0.3290693649905734
ProfilingTime,17.28901925799437
SimulationTime,1203.723924727994
FramaCExecutionTime,93.562849414011
TotalExecutionTime,82551.05651031999
