InputGenerationTime,0.22238390904385597
ProfilingTime,30.93157285405323
SimulationTime,5980.092022386845
FramaCExecutionTime,104.69010964804329
TotalExecutionTime,91021.55488279194
