InputGenerationTime,0.1623866810114123
ProfilingTime,14.0394497049856
SimulationTime,425.16430276300525
FramaCExecutionTime,64.39105598500464
TotalExecutionTime,16927.782069984998
