InputGenerationTime,0.3992919209995307
ProfilingTime,13.839648793000379
SimulationTime,2853.513109143998
FramaCExecutionTime,106.92807259899564
TotalExecutionTime,102118.343380346
