InputGenerationTime,0.1700858319964027
ProfilingTime,22.596766548987944
SimulationTime,1355.9154884589952
FramaCExecutionTime,103.24842190599884
TotalExecutionTime,120949.027476835
