InputGenerationTime,0.29413005500100553
ProfilingTime,13.839732360997004
SimulationTime,498.79398188900086
FramaCExecutionTime,91.28475642201374
TotalExecutionTime,25449.732207237976
