InputGenerationTime,0.3562486529990565
ProfilingTime,13.393693979975069
SimulationTime,443.7753009959997
FramaCExecutionTime,101.63799356500385
TotalExecutionTime,47365.462764592
