InputGenerationTime,0.03478576202178374
ProfilingTime,13.826094654970802
SimulationTime,227.7744537650142
FramaCExecutionTime,50.926451303996146
TotalExecutionTime,2949.9689772800193
