InputGenerationTime,0.04605658899527043
ProfilingTime,17.0756052370416
SimulationTime,70.56332862190902
FramaCExecutionTime,50.800753629999235
TotalExecutionTime,11673.011547568021
