InputGenerationTime,0.03504894801881164
ProfilingTime,13.752417474985123
SimulationTime,342.9992783779744
FramaCExecutionTime,49.650262785027735
TotalExecutionTime,31386.633067290066
