InputGenerationTime,0.02101032598875463
ProfilingTime,12.518607461999636
SimulationTime,250.92083760502283
FramaCExecutionTime,48.771614481986035
TotalExecutionTime,7327.724359660002
