InputGenerationTime,0.04394579504150897
ProfilingTime,15.464999650022946
SimulationTime,70.53332234104164
FramaCExecutionTime,51.4052862690296
TotalExecutionTime,1846.313763099024
