InputGenerationTime,0.15652003599097952
ProfilingTime,14.875856088008732
SimulationTime,1615.6618080710177
FramaCExecutionTime,78.31167951601674
TotalExecutionTime,3762.2901365730213
