InputGenerationTime,0.09294258896261454
ProfilingTime,25.742125659016892
SimulationTime,1149.462823044043
FramaCExecutionTime,72.44099822000135
TotalExecutionTime,21790.417816375964
