InputGenerationTime,0.20275106496410444
ProfilingTime,12.695409448002465
SimulationTime,301.77471470698947
FramaCExecutionTime,72.41087386000436
TotalExecutionTime,32700.168847619032
