InputGenerationTime,0.36992113500036794
ProfilingTime,14.557672357000229
SimulationTime,2556.146585159
FramaCExecutionTime,107.32906808700045
TotalExecutionTime,5813.386803943999
