InputGenerationTime,0.03504894801881164
ProfilingTime,12.560765414964408
SimulationTime,265.6109642840456
FramaCExecutionTime,49.650262785027735
TotalExecutionTime,24934.67350986402
