InputGenerationTime,0.1029826570302248
ProfilingTime,35.68616259098053
SimulationTime,5759.725212494028
FramaCExecutionTime,74.36303333297838
TotalExecutionTime,72119.98339110403
