InputGenerationTime,0.19363364099990577
ProfilingTime,14.784064340987243
SimulationTime,569.3796636789921
FramaCExecutionTime,80.87790378002683
TotalExecutionTime,59813.48641220902
