InputGenerationTime,0.29413005500100553
ProfilingTime,18.127474794979207
SimulationTime,1376.7109199329861
FramaCExecutionTime,91.28475642201374
TotalExecutionTime,36627.40146216698
