InputGenerationTime,0.16784242202993482
ProfilingTime,16.45306123699993
SimulationTime,663.2853342429735
FramaCExecutionTime,62.749767625995446
TotalExecutionTime,9850.727922805003
