InputGenerationTime,0.11007866600994021
ProfilingTime,37.44187806895934
SimulationTime,5793.571299561998
FramaCExecutionTime,75.16514147992712
TotalExecutionTime,187672.80344498204
