InputGenerationTime,0.23707145699881949
ProfilingTime,28.390506571988226
SimulationTime,1409.5687610099994
FramaCExecutionTime,113.60268908800208
TotalExecutionTime,97598.051605365
