InputGenerationTime,0.03649758198298514
ProfilingTime,12.526214382029139
SimulationTime,306.77982935204636
FramaCExecutionTime,49.96223746309988
TotalExecutionTime,10081.170431672013
