InputGenerationTime,0.03344180900603533
ProfilingTime,15.376018652925268
SimulationTime,69.1517793359235
FramaCExecutionTime,50.28500775108114
TotalExecutionTime,25785.010935998987
