InputGenerationTime,0.04394579504150897
ProfilingTime,15.462569260969758
SimulationTime,69.13789122004528
FramaCExecutionTime,51.4052862690296
TotalExecutionTime,1490.7485388860805
