InputGenerationTime,0.17213920800713822
ProfilingTime,12.46136384998681
SimulationTime,307.018958915025
FramaCExecutionTime,70.0929242069833
TotalExecutionTime,20199.58094279503
