InputGenerationTime,0.10734761599451303
ProfilingTime,38.36204048397485
SimulationTime,2258.5794158759527
FramaCExecutionTime,74.86267644702457
TotalExecutionTime,93409.03539338498
