InputGenerationTime,0.15652003599097952
ProfilingTime,14.225503341993317
SimulationTime,1829.7090384890034
FramaCExecutionTime,78.31167951601674
TotalExecutionTime,62584.763671344
