InputGenerationTime,0.19363364099990577
ProfilingTime,16.31408336700406
SimulationTime,864.6622800849727
FramaCExecutionTime,80.87790378002683
TotalExecutionTime,65569.434709592
