InputGenerationTime,0.13154517099974328
ProfilingTime,23.2111234039985
SimulationTime,973.0639066980002
FramaCExecutionTime,97.15951074999975
TotalExecutionTime,49313.495019173
