InputGenerationTime,0.17213920800713822
ProfilingTime,13.449572260025889
SimulationTime,435.32696810597554
FramaCExecutionTime,70.0929242069833
TotalExecutionTime,24184.89664300898
