InputGenerationTime,0.13672967800016522
ProfilingTime,24.70090965899999
SimulationTime,928.3158230190002
FramaCExecutionTime,86.47228649099998
TotalExecutionTime,3357.279862802
