InputGenerationTime,0.17438512202352285
ProfilingTime,14.156941110966727
SimulationTime,1971.052421128028
FramaCExecutionTime,73.87087842298206
TotalExecutionTime,11161.031172092014
