InputGenerationTime,0.1627644940163009
ProfilingTime,13.973917775962036
SimulationTime,447.6819013489876
FramaCExecutionTime,58.767261137021706
TotalExecutionTime,3823.8398876910214
