InputGenerationTime,0.17438512202352285
ProfilingTime,14.106127863982692
SimulationTime,1973.512831778964
FramaCExecutionTime,73.87087842298206
TotalExecutionTime,21865.671218222997
