InputGenerationTime,0.15652003599097952
ProfilingTime,15.178514562023338
SimulationTime,1990.1524145590083
FramaCExecutionTime,78.31167951601674
TotalExecutionTime,18510.512110042007
