InputGenerationTime,0.03787670301971957
ProfilingTime,13.167996513016988
SimulationTime,228.33301012503216
FramaCExecutionTime,51.537359822017606
TotalExecutionTime,22002.657448405982
