InputGenerationTime,0.02943142002914101
ProfilingTime,12.425495157018304
SimulationTime,306.79637482296675
FramaCExecutionTime,50.386934716952965
TotalExecutionTime,4824.183554094983
