InputGenerationTime,0.29413005500100553
ProfilingTime,16.869103496981552
SimulationTime,1377.9137346839998
FramaCExecutionTime,91.28475642201374
TotalExecutionTime,26844.683337084978
