InputGenerationTime,0.0958440329413861
ProfilingTime,23.768971608020365
SimulationTime,1123.2627214919776
FramaCExecutionTime,72.12957090092823
TotalExecutionTime,43804.91310837807
