InputGenerationTime,0.20275106496410444
ProfilingTime,12.68581144703785
SimulationTime,313.63402676797705
FramaCExecutionTime,72.41087386000436
TotalExecutionTime,29713.827784127032
