InputGenerationTime,0.17438512202352285
ProfilingTime,13.064373121014796
SimulationTime,1382.6548925410025
FramaCExecutionTime,73.87087842298206
TotalExecutionTime,5686.3987365050125
