InputGenerationTime,0.03649758198298514
ProfilingTime,12.478590982034802
SimulationTime,311.72181099304
FramaCExecutionTime,49.96223746309988
TotalExecutionTime,18155.890839723987
