InputGenerationTime,0.17438512202352285
ProfilingTime,13.033603265008423
SimulationTime,1490.539764681016
FramaCExecutionTime,73.87087842298206
TotalExecutionTime,7190.149153681996
