InputGenerationTime,0.19363364099990577
ProfilingTime,16.30636434198823
SimulationTime,878.2137072969927
FramaCExecutionTime,80.87790378002683
TotalExecutionTime,53752.49020632901
