InputGenerationTime,0.3290693649905734
ProfilingTime,17.192010204016697
SimulationTime,1211.5513022279774
FramaCExecutionTime,93.562849414011
TotalExecutionTime,80100.930738353
