InputGenerationTime,0.1623866810114123
ProfilingTime,14.465856270981021
SimulationTime,511.04954680099036
FramaCExecutionTime,64.39105598500464
TotalExecutionTime,1083.8332219629956
