InputGenerationTime,0.1748106989543885
ProfilingTime,16.47823470295407
SimulationTime,684.5348675500136
FramaCExecutionTime,77.10620760498568
TotalExecutionTime,30850.267806531978
