InputGenerationTime,0.29413005500100553
ProfilingTime,13.810192068980541
SimulationTime,480.9404165339947
FramaCExecutionTime,91.28475642201374
TotalExecutionTime,24936.924516567
