InputGenerationTime,0.1403015929972753
ProfilingTime,13.738674146006815
SimulationTime,529.7865823550383
FramaCExecutionTime,67.99739167501684
TotalExecutionTime,17017.42695799499
