InputGenerationTime,0.13154517099974328
ProfilingTime,27.292106157998205
SimulationTime,1461.1340354260028
FramaCExecutionTime,97.15951074999975
TotalExecutionTime,37808.665373735006
