InputGenerationTime,0.19363364099990577
ProfilingTime,16.49356514500687
SimulationTime,866.5428144609905
FramaCExecutionTime,80.87790378002683
TotalExecutionTime,62460.966207548016
