InputGenerationTime,0.02053170499857515
ProfilingTime,13.214722910954151
SimulationTime,1281.1034967870219
FramaCExecutionTime,49.36256294703344
TotalExecutionTime,71418.57881934801
