InputGenerationTime,0.04033761902246624
ProfilingTime,23.438051642035134
SimulationTime,751.06572641409
FramaCExecutionTime,50.36595385405235
TotalExecutionTime,20464.021802291973
