InputGenerationTime,0.10734761599451303
ProfilingTime,36.94599953002762
SimulationTime,2446.1363707510754
FramaCExecutionTime,74.86267644702457
TotalExecutionTime,119891.92518681497
