InputGenerationTime,0.2185508770053275
ProfilingTime,16.23829793301411
SimulationTime,800.4676927370019
FramaCExecutionTime,81.13867704098811
TotalExecutionTime,11353.148399127007
