InputGenerationTime,0.03504894801881164
ProfilingTime,12.441460433066823
SimulationTime,267.9877871880308
FramaCExecutionTime,49.650262785027735
TotalExecutionTime,26515.325098174973
