InputGenerationTime,0.1627644940163009
ProfilingTime,14.050959120038897
SimulationTime,448.0054196760175
FramaCExecutionTime,58.767261137021706
TotalExecutionTime,2591.3150203669793
