InputGenerationTime,0.2185508770053275
ProfilingTime,16.919244849996176
SimulationTime,802.2963349270285
FramaCExecutionTime,81.13867704098811
TotalExecutionTime,12172.531395902974
