InputGenerationTime,0.17438512202352285
ProfilingTime,15.32584904099349
SimulationTime,1971.9804347779718
FramaCExecutionTime,73.87087842298206
TotalExecutionTime,38858.48983188602
