InputGenerationTime,0.02943142002914101
ProfilingTime,14.065618588938378
SimulationTime,486.03434047696646
FramaCExecutionTime,50.386934716952965
TotalExecutionTime,7525.896290646051
