InputGenerationTime,0.10734761599451303
ProfilingTime,22.10665292700287
SimulationTime,1128.549467543955
FramaCExecutionTime,74.86267644702457
TotalExecutionTime,127546.50239335699
