InputGenerationTime,0.03478576202178374
ProfilingTime,12.971479040046688
SimulationTime,225.9261119510047
FramaCExecutionTime,50.926451303996146
TotalExecutionTime,289.8619434040156
