InputGenerationTime,0.19363364099990577
ProfilingTime,14.82659212895669
SimulationTime,570.72329467698
FramaCExecutionTime,80.87790378002683
TotalExecutionTime,52857.80822112903
