InputGenerationTime,0.02943142002914101
ProfilingTime,14.900080361985601
SimulationTime,485.7321144200396
FramaCExecutionTime,50.386934716952965
TotalExecutionTime,2660.4734273779904
