InputGenerationTime,0.03504894801881164
ProfilingTime,12.85363489901647
SimulationTime,344.560125292046
FramaCExecutionTime,49.650262785027735
TotalExecutionTime,30749.38239063404
