InputGenerationTime,0.03761291899718344
ProfilingTime,14.452145215007477
SimulationTime,68.53604453802109
FramaCExecutionTime,51.22099144104868
TotalExecutionTime,15749.815450653085
