InputGenerationTime,0.1029826570302248
ProfilingTime,36.87502001400571
SimulationTime,5771.660933129024
FramaCExecutionTime,74.36303333297838
TotalExecutionTime,83881.36675083102
