InputGenerationTime,0.23707145699881949
ProfilingTime,21.6273835710017
SimulationTime,2045.1537834810006
FramaCExecutionTime,113.60268908800208
TotalExecutionTime,96159.819527103
