InputGenerationTime,0.19363364099990577
ProfilingTime,14.762415717006661
SimulationTime,473.3146835810039
FramaCExecutionTime,80.87790378002683
TotalExecutionTime,55136.642649746995
