InputGenerationTime,0.1789411689969711
ProfilingTime,33.595541280985344
SimulationTime,2391.557207538979
FramaCExecutionTime,71.89116228104103
TotalExecutionTime,30002.462127409002
