InputGenerationTime,0.3992919209995307
ProfilingTime,17.392288301009103
SimulationTime,4219.62546230499
FramaCExecutionTime,106.92807259899564
TotalExecutionTime,127860.49872409101
