InputGenerationTime,0.04605658899527043
ProfilingTime,25.566078952047974
SimulationTime,766.510203832062
FramaCExecutionTime,50.800753629999235
TotalExecutionTime,15879.426575039048
