InputGenerationTime,0.31064138998044655
ProfilingTime,17.099827934987843
SimulationTime,1416.884121206007
FramaCExecutionTime,70.61506817897316
TotalExecutionTime,13526.182469593972
