InputGenerationTime,0.10734761599451303
ProfilingTime,39.25228307908401
SimulationTime,2377.85558902903
FramaCExecutionTime,74.86267644702457
TotalExecutionTime,112013.815655582
