InputGenerationTime,0.1748106989543885
ProfilingTime,16.21920079604024
SimulationTime,682.728414088022
FramaCExecutionTime,77.10620760498568
TotalExecutionTime,32725.32560421602
