InputGenerationTime,0.0958440329413861
ProfilingTime,24.88989048008807
SimulationTime,1022.8008019849658
FramaCExecutionTime,72.12957090092823
TotalExecutionTime,59383.59520590503
