InputGenerationTime,0.29413005500100553
ProfilingTime,18.431412398000248
SimulationTime,1379.6409770299797
FramaCExecutionTime,91.28475642201374
TotalExecutionTime,39421.23729676497
