InputGenerationTime,0.1748106989543885
ProfilingTime,15.797114467946813
SimulationTime,683.3113501920016
FramaCExecutionTime,77.10620760498568
TotalExecutionTime,35733.120297316986
