InputGenerationTime,0.09294258896261454
ProfilingTime,38.27086666005198
SimulationTime,2219.911863756017
FramaCExecutionTime,72.44099822000135
TotalExecutionTime,28499.44594523497
