InputGenerationTime,0.17438512202352285
ProfilingTime,13.52100559801329
SimulationTime,1970.2958759669564
FramaCExecutionTime,73.87087842298206
TotalExecutionTime,35367.33966244699
