InputGenerationTime,0.09294258896261454
ProfilingTime,39.17518975108396
SimulationTime,2146.194858485018
FramaCExecutionTime,72.44099822000135
TotalExecutionTime,26241.03990975907
