InputGenerationTime,0.18352015601703897
ProfilingTime,12.841219213965815
SimulationTime,1239.8341023200192
FramaCExecutionTime,73.45890214497922
TotalExecutionTime,57456.85283069499
