InputGenerationTime,0.02053170499857515
ProfilingTime,12.794609045027755
SimulationTime,1278.6873048149864
FramaCExecutionTime,49.36256294703344
TotalExecutionTime,1340.8682106280467
