InputGenerationTime,0.03344180900603533
ProfilingTime,15.38505082798656
SimulationTime,68.9702936190879
FramaCExecutionTime,50.28500775108114
TotalExecutionTime,25431.007389712962
