InputGenerationTime,0.1029826570302248
ProfilingTime,37.37051452801097
SimulationTime,5656.157322184066
FramaCExecutionTime,74.36303333297838
TotalExecutionTime,30889.690159786027
