InputGenerationTime,0.3290693649905734
ProfilingTime,13.960505252005532
SimulationTime,522.9157826800074
FramaCExecutionTime,93.562849414011
TotalExecutionTime,85546.39525439197
