InputGenerationTime,0.10734761599451303
ProfilingTime,24.75332547700964
SimulationTime,1245.7648272190709
FramaCExecutionTime,74.86267644702457
TotalExecutionTime,103253.507993115
