InputGenerationTime,0.04394579504150897
ProfilingTime,16.17312536004465
SimulationTime,70.21707776607946
FramaCExecutionTime,51.4052862690296
TotalExecutionTime,2021.3483719030628
