InputGenerationTime,0.3992919209995307
ProfilingTime,13.636080280004535
SimulationTime,2860.8269854769896
FramaCExecutionTime,106.92807259899564
TotalExecutionTime,97035.69785134001
