InputGenerationTime,0.04033761902246624
ProfilingTime,14.292085188091733
SimulationTime,67.4355656929547
FramaCExecutionTime,50.36595385405235
TotalExecutionTime,24095.398129360052
