InputGenerationTime,0.31064138998044655
ProfilingTime,13.759747386007803
SimulationTime,477.05229941001744
FramaCExecutionTime,70.61506817897316
TotalExecutionTime,12092.030821055989
