InputGenerationTime,0.03504894801881164
ProfilingTime,14.148630209965631
SimulationTime,374.3328227219172
FramaCExecutionTime,49.650262785027735
TotalExecutionTime,30033.454346693004
