InputGenerationTime,0.04605658899527043
ProfilingTime,15.182244571042247
SimulationTime,68.12377496797126
FramaCExecutionTime,50.800753629999235
TotalExecutionTime,10309.11141487502
