InputGenerationTime,0.03787670301971957
ProfilingTime,13.806742276996374
SimulationTime,231.52359448204516
FramaCExecutionTime,51.537359822017606
TotalExecutionTime,21269.095523532014
