InputGenerationTime,0.10734761599451303
ProfilingTime,33.20881681900937
SimulationTime,2387.7031242699595
FramaCExecutionTime,74.86267644702457
TotalExecutionTime,105674.63322675298
