InputGenerationTime,0.1623866810114123
ProfilingTime,16.585804957023356
SimulationTime,824.4566580019891
FramaCExecutionTime,64.39105598500464
TotalExecutionTime,8692.481045152002
