InputGenerationTime,0.21834907896118239
ProfilingTime,15.555934832955245
SimulationTime,707.3709847700084
FramaCExecutionTime,83.42115977802314
TotalExecutionTime,27145.526911791996
