InputGenerationTime,0.22238390904385597
ProfilingTime,23.40865911496803
SimulationTime,4674.1475936679635
FramaCExecutionTime,104.69010964804329
TotalExecutionTime,72982.29255022702
