InputGenerationTime,0.16906677302904427
ProfilingTime,28.993758460972458
SimulationTime,6170.61586806993
FramaCExecutionTime,105.60095329186879
TotalExecutionTime,84041.91018127883
