InputGenerationTime,0.16784242202993482
ProfilingTime,13.856613101961557
SimulationTime,451.76824791601393
FramaCExecutionTime,62.749767625995446
TotalExecutionTime,528.5465136499843
