InputGenerationTime,0.2147221930208616
ProfilingTime,15.167644548986573
SimulationTime,506.5429011679953
FramaCExecutionTime,82.20159398502437
TotalExecutionTime,44052.69295321702
