InputGenerationTime,0.02943142002914101
ProfilingTime,14.066426123026758
SimulationTime,296.20337382599246
FramaCExecutionTime,50.386934716952965
TotalExecutionTime,9087.495306479977
