InputGenerationTime,0.2105190139845945
ProfilingTime,16.57211550005013
SimulationTime,2845.8601544320118
FramaCExecutionTime,84.0937273070158
TotalExecutionTime,88519.12245442302
