InputGenerationTime,0.29413005500100553
ProfilingTime,13.491137845005142
SimulationTime,453.8319861240161
FramaCExecutionTime,91.28475642201374
TotalExecutionTime,24442.014788184984
