InputGenerationTime,0.02053170499857515
ProfilingTime,12.456481600005645
SimulationTime,1507.4007273089373
FramaCExecutionTime,49.36256294703344
TotalExecutionTime,107442.61309113505
