InputGenerationTime,0.36992113500036794
ProfilingTime,14.834347454991075
SimulationTime,3450.2831639409997
FramaCExecutionTime,107.32906808700045
TotalExecutionTime,86426.67392343101
