InputGenerationTime,0.03761291899718344
ProfilingTime,15.533302191994153
SimulationTime,69.57872652006336
FramaCExecutionTime,51.22099144104868
TotalExecutionTime,9455.662969689001
