InputGenerationTime,0.04033761902246624
ProfilingTime,17.744801269029267
SimulationTime,71.16845773800742
FramaCExecutionTime,50.36595385405235
TotalExecutionTime,17489.280250548967
