InputGenerationTime,0.13672967800016522
ProfilingTime,27.078290022000147
SimulationTime,1341.385940741
FramaCExecutionTime,86.47228649099998
TotalExecutionTime,11850.720681742
