InputGenerationTime,0.17438512202352285
ProfilingTime,12.931682430964429
SimulationTime,1392.4974364079535
FramaCExecutionTime,73.87087842298206
TotalExecutionTime,2885.3115382100223
