InputGenerationTime,0.29413005500100553
ProfilingTime,16.883394383010454
SimulationTime,1279.1422176230117
FramaCExecutionTime,91.28475642201374
TotalExecutionTime,45429.172775717976
