InputGenerationTime,0.04394579504150897
ProfilingTime,15.390783918905072
SimulationTime,68.88063705305103
FramaCExecutionTime,51.4052862690296
TotalExecutionTime,389.66862711904105
