InputGenerationTime,0.09294258896261454
ProfilingTime,25.602025101077743
SimulationTime,1027.126832773909
FramaCExecutionTime,72.44099822000135
TotalExecutionTime,18527.492478900007
