InputGenerationTime,0.1403015929972753
ProfilingTime,13.62794442701852
SimulationTime,490.76132340100594
FramaCExecutionTime,67.99739167501684
TotalExecutionTime,13809.992051133013
