InputGenerationTime,0.36992113500036794
ProfilingTime,17.040789343998767
SimulationTime,4807.153627795
FramaCExecutionTime,107.32906808700045
TotalExecutionTime,58885.677726791
