InputGenerationTime,0.2185508770053275
ProfilingTime,17.53950353502296
SimulationTime,793.1740924520418
FramaCExecutionTime,81.13867704098811
TotalExecutionTime,5200.146198046976
