InputGenerationTime,0.10734761599451303
ProfilingTime,24.04304132296238
SimulationTime,1485.1438531139866
FramaCExecutionTime,74.86267644702457
TotalExecutionTime,84786.04115145805
