InputGenerationTime,0.3290693649905734
ProfilingTime,13.6632807799906
SimulationTime,576.41442649698
FramaCExecutionTime,93.562849414011
TotalExecutionTime,67394.572636503
