InputGenerationTime,0.03761291899718344
ProfilingTime,21.136057156021707
SimulationTime,1282.1758437700337
FramaCExecutionTime,51.22099144104868
TotalExecutionTime,13669.146610504016
