InputGenerationTime,0.09294258896261454
ProfilingTime,33.00173141097184
SimulationTime,2049.14729488804
FramaCExecutionTime,72.44099822000135
TotalExecutionTime,8006.723165606963
