InputGenerationTime,0.0958440329413861
ProfilingTime,39.281470045098104
SimulationTime,2270.836638069013
FramaCExecutionTime,72.12957090092823
TotalExecutionTime,67437.52346823504
