InputGenerationTime,0.15652003599097952
ProfilingTime,14.961839488998521
SimulationTime,2026.1210930090165
FramaCExecutionTime,78.31167951601674
TotalExecutionTime,7851.844777564023
