InputGenerationTime,0.150059406994842
ProfilingTime,16.645601961005013
SimulationTime,857.981616018049
FramaCExecutionTime,74.97603316104505
TotalExecutionTime,37548.21642522499
