InputGenerationTime,0.29413005500100553
ProfilingTime,16.97249052900588
SimulationTime,1377.8111601590062
FramaCExecutionTime,91.28475642201374
TotalExecutionTime,32876.37810401799
