InputGenerationTime,0.03478576202178374
ProfilingTime,14.349384600005578
SimulationTime,228.33617675700225
FramaCExecutionTime,50.926451303996146
TotalExecutionTime,1495.5343811890343
