InputGenerationTime,0.03649758198298514
ProfilingTime,12.696622137911618
SimulationTime,317.06663624802604
FramaCExecutionTime,49.96223746309988
TotalExecutionTime,11049.487661752035
