InputGenerationTime,0.18352015601703897
ProfilingTime,13.344571549037937
SimulationTime,1673.4792601860245
FramaCExecutionTime,73.45890214497922
TotalExecutionTime,67103.819493082
