InputGenerationTime,0.150059406994842
ProfilingTime,16.723901210993063
SimulationTime,857.0230960660265
FramaCExecutionTime,74.97603316104505
TotalExecutionTime,42050.694736923004
