InputGenerationTime,0.1748106989543885
ProfilingTime,15.209723783947993
SimulationTime,470.5870847569895
FramaCExecutionTime,77.10620760498568
TotalExecutionTime,29448.07970614801
