InputGenerationTime,0.21834907896118239
ProfilingTime,13.878560737008229
SimulationTime,687.3236773279496
FramaCExecutionTime,83.42115977802314
TotalExecutionTime,36107.805312109005
