InputGenerationTime,0.1029826570302248
ProfilingTime,24.8092447090894
SimulationTime,4364.612910742057
FramaCExecutionTime,74.36303333297838
TotalExecutionTime,66324.35950609599
