InputGenerationTime,0.03478576202178374
ProfilingTime,14.097201740019955
SimulationTime,227.7863395769964
FramaCExecutionTime,50.926451303996146
TotalExecutionTime,4643.860776079004
