InputGenerationTime,0.02101032598875463
ProfilingTime,13.065998705977108
SimulationTime,253.19553673599148
FramaCExecutionTime,48.771614481986035
TotalExecutionTime,11582.018390685029
