InputGenerationTime,0.10734761599451303
ProfilingTime,24.997557410039008
SimulationTime,1410.6898888039868
FramaCExecutionTime,74.86267644702457
TotalExecutionTime,107110.55311496602
