InputGenerationTime,0.22238390904385597
ProfilingTime,22.29645377804991
SimulationTime,5430.048593874904
FramaCExecutionTime,104.69010964804329
TotalExecutionTime,41011.5480106551
