InputGenerationTime,0.13672967800016522
ProfilingTime,24.23877916499987
SimulationTime,685.9370703449986
FramaCExecutionTime,86.47228649099998
TotalExecutionTime,13938.814124941999
