InputGenerationTime,0.03761291899718344
ProfilingTime,18.16841899091378
SimulationTime,72.05124520102981
FramaCExecutionTime,51.22099144104868
TotalExecutionTime,8073.4407264540205
