InputGenerationTime,0.16784242202993482
ProfilingTime,16.335452592000365
SimulationTime,664.4959908369929
FramaCExecutionTime,62.749767625995446
TotalExecutionTime,9170.815236726019
