InputGenerationTime,0.31064138998044655
ProfilingTime,16.49997321900446
SimulationTime,1367.4930145209946
FramaCExecutionTime,70.61506817897316
TotalExecutionTime,9755.53439575198
