InputGenerationTime,0.03478576202178374
ProfilingTime,13.390646545041818
SimulationTime,227.1701612699544
FramaCExecutionTime,50.926451303996146
TotalExecutionTime,1978.4601596170105
