InputGenerationTime,0.3562486529990565
ProfilingTime,15.890884137013927
SimulationTime,1186.03881098298
FramaCExecutionTime,101.63799356500385
TotalExecutionTime,49567.41318329697
