InputGenerationTime,0.04033761902246624
ProfilingTime,15.320610753027722
SimulationTime,68.61889515002258
FramaCExecutionTime,50.36595385405235
TotalExecutionTime,17315.20432288095
