InputGenerationTime,0.04264359700027853
ProfilingTime,13.876367099001072
SimulationTime,359.93454616400413
FramaCExecutionTime,48.98651290300768
TotalExecutionTime,22432.555725706974
