InputGenerationTime,0.1403015929972753
ProfilingTime,12.415691606991459
SimulationTime,281.8913980090292
FramaCExecutionTime,67.99739167501684
TotalExecutionTime,19169.078041160014
