InputGenerationTime,0.1789411689969711
ProfilingTime,33.892681766010355
SimulationTime,2078.692742396961
FramaCExecutionTime,71.89116228104103
TotalExecutionTime,10532.517805545998
