InputGenerationTime,0.21834907896118239
ProfilingTime,14.280226712988224
SimulationTime,738.978352141974
FramaCExecutionTime,83.42115977802314
TotalExecutionTime,19933.952112716972
