InputGenerationTime,0.02943142002914101
ProfilingTime,12.25417165295221
SimulationTime,305.4804160769563
FramaCExecutionTime,50.386934716952965
TotalExecutionTime,686.2837929630186
