InputGenerationTime,0.1789411689969711
ProfilingTime,24.140814881015103
SimulationTime,1755.9209861750132
FramaCExecutionTime,71.89116228104103
TotalExecutionTime,39167.370561662014
