InputGenerationTime,0.04519061098108068
ProfilingTime,17.083382619020995
SimulationTime,69.29733491700608
FramaCExecutionTime,50.35609116801061
TotalExecutionTime,1927.0671012050007
