InputGenerationTime,0.15652003599097952
ProfilingTime,17.22938630101271
SimulationTime,3103.5097548149934
FramaCExecutionTime,78.31167951601674
TotalExecutionTime,55266.50492325603
