InputGenerationTime,0.03761291899718344
ProfilingTime,15.444823298952542
SimulationTime,69.5146458070958
FramaCExecutionTime,51.22099144104868
TotalExecutionTime,9098.506797772017
