InputGenerationTime,0.13154517099974328
ProfilingTime,22.110040400002617
SimulationTime,1983.9909354120027
FramaCExecutionTime,97.15951074999975
TotalExecutionTime,41428.641585007004
