InputGenerationTime,0.21834907896118239
ProfilingTime,14.434914995043073
SimulationTime,678.8264291789965
FramaCExecutionTime,83.42115977802314
TotalExecutionTime,34569.83936284098
