InputGenerationTime,0.22238390904385597
ProfilingTime,27.39816887699999
SimulationTime,5777.355518711964
FramaCExecutionTime,104.69010964804329
TotalExecutionTime,109311.5744163139
