InputGenerationTime,0.02053170499857515
ProfilingTime,12.910703965986613
SimulationTime,7194.170433797
FramaCExecutionTime,49.36256294703344
TotalExecutionTime,34054.181916891015
