InputGenerationTime,0.03787670301971957
ProfilingTime,13.679691363009624
SimulationTime,231.0121372679714
FramaCExecutionTime,51.537359822017606
TotalExecutionTime,18077.881516542984
