InputGenerationTime,0.3992919209995307
ProfilingTime,15.864466423983686
SimulationTime,4072.2676882249943
FramaCExecutionTime,106.92807259899564
TotalExecutionTime,174472.806887704
