InputGenerationTime,0.20275106496410444
ProfilingTime,13.078923998982646
SimulationTime,392.3535279100179
FramaCExecutionTime,72.41087386000436
TotalExecutionTime,32385.546117336024
