InputGenerationTime,0.21834907896118239
ProfilingTime,16.764397646998987
SimulationTime,846.1942210079869
FramaCExecutionTime,83.42115977802314
TotalExecutionTime,25561.433515625016
