InputGenerationTime,0.3290693649905734
ProfilingTime,13.484796414006269
SimulationTime,452.75153521299944
FramaCExecutionTime,93.562849414011
TotalExecutionTime,67860.97395183597
