InputGenerationTime,0.1623866810114123
ProfilingTime,14.879257525986759
SimulationTime,537.053968046006
FramaCExecutionTime,64.39105598500464
TotalExecutionTime,15602.39183479399
