InputGenerationTime,0.16784242202993482
ProfilingTime,14.188794601010159
SimulationTime,435.06783448095666
FramaCExecutionTime,62.749767625995446
TotalExecutionTime,1920.3895159219974
