InputGenerationTime,0.17213920800713822
ProfilingTime,13.54855349403806
SimulationTime,436.8223685330013
FramaCExecutionTime,70.0929242069833
TotalExecutionTime,25859.650082323
