InputGenerationTime,0.03344180900603533
ProfilingTime,17.073077299050055
SimulationTime,71.00958305492532
FramaCExecutionTime,50.28500775108114
TotalExecutionTime,25873.14837474597
