InputGenerationTime,0.2105190139845945
ProfilingTime,17.48220038000727
SimulationTime,2832.5498497099616
FramaCExecutionTime,84.0937273070158
TotalExecutionTime,93350.90037621403
