InputGenerationTime,0.23707145699881949
ProfilingTime,21.674078986994573
SimulationTime,1980.7895293789916
FramaCExecutionTime,113.60268908800208
TotalExecutionTime,77266.991115717
