InputGenerationTime,0.16784242202993482
ProfilingTime,16.62335448700469
SimulationTime,1129.4677489650203
FramaCExecutionTime,62.749767625995446
TotalExecutionTime,10996.979713289998
