InputGenerationTime,0.2185508770053275
ProfilingTime,15.622500898956787
SimulationTime,694.7548691580305
FramaCExecutionTime,81.13867704098811
TotalExecutionTime,9033.746906824003
