InputGenerationTime,0.04394579504150897
ProfilingTime,15.964508456061594
SimulationTime,69.83748087100685
FramaCExecutionTime,51.4052862690296
TotalExecutionTime,475.50848165806383
