InputGenerationTime,0.14546583700575866
ProfilingTime,14.588592195010278
SimulationTime,516.3575978979934
FramaCExecutionTime,74.77319466500194
TotalExecutionTime,19081.978423841007
