InputGenerationTime,0.13672967800016522
ProfilingTime,28.850494443999196
SimulationTime,1487.2574880430002
FramaCExecutionTime,86.47228649099998
TotalExecutionTime,28179.293817374
