InputGenerationTime,0.14546583700575866
ProfilingTime,17.23301418000483
SimulationTime,1163.9123999239819
FramaCExecutionTime,74.77319466500194
TotalExecutionTime,29640.716047655995
