InputGenerationTime,0.04264359700027853
ProfilingTime,12.53431244706735
SimulationTime,266.6213649689453
FramaCExecutionTime,48.98651290300768
TotalExecutionTime,20986.701907076058
