InputGenerationTime,0.03478576202178374
ProfilingTime,13.248604391992558
SimulationTime,227.66085485200165
FramaCExecutionTime,50.926451303996146
TotalExecutionTime,5127.200229526032
