InputGenerationTime,0.13154517099974328
ProfilingTime,29.00656300799892
SimulationTime,1644.134168800003
FramaCExecutionTime,97.15951074999975
TotalExecutionTime,50986.87202918201
