InputGenerationTime,0.1623866810114123
ProfilingTime,14.683546674001263
SimulationTime,514.3691537130217
FramaCExecutionTime,64.39105598500464
TotalExecutionTime,2106.4058974609943
