InputGenerationTime,0.02943142002914101
ProfilingTime,13.356612019008026
SimulationTime,496.7558571129339
FramaCExecutionTime,50.386934716952965
TotalExecutionTime,2159.686167801963
