InputGenerationTime,0.16784242202993482
ProfilingTime,14.359844375983812
SimulationTime,449.15136324998457
FramaCExecutionTime,62.749767625995446
TotalExecutionTime,4211.423561591015
