InputGenerationTime,0.03761291899718344
ProfilingTime,15.512208834988996
SimulationTime,69.24245323997457
FramaCExecutionTime,51.22099144104868
TotalExecutionTime,7727.840637211106
