InputGenerationTime,0.2147221930208616
ProfilingTime,15.103522556019016
SimulationTime,491.22544211603235
FramaCExecutionTime,82.20159398502437
TotalExecutionTime,49380.79698535998
