InputGenerationTime,0.21834907896118239
ProfilingTime,16.15786872303579
SimulationTime,843.7208239519969
FramaCExecutionTime,83.42115977802314
TotalExecutionTime,33876.41502524901
