InputGenerationTime,0.17213920800713822
ProfilingTime,13.195154292974621
SimulationTime,312.2870899590198
FramaCExecutionTime,70.0929242069833
TotalExecutionTime,20525.215761306987
