InputGenerationTime,0.1627644940163009
ProfilingTime,13.570801532943733
SimulationTime,448.0191896799952
FramaCExecutionTime,58.767261137021706
TotalExecutionTime,8187.489110597002
