InputGenerationTime,0.1623866810114123
ProfilingTime,18.019472584011964
SimulationTime,867.8282895760203
FramaCExecutionTime,64.39105598500464
TotalExecutionTime,16488.396005838003
