InputGenerationTime,0.3992919209995307
ProfilingTime,17.22366214399517
SimulationTime,4228.893173664997
FramaCExecutionTime,106.92807259899564
TotalExecutionTime,116549.619290869
