InputGenerationTime,0.03761291899718344
ProfilingTime,17.474611034966074
SimulationTime,71.87374162196647
FramaCExecutionTime,51.22099144104868
TotalExecutionTime,9370.513420173083
