InputGenerationTime,0.10734761599451303
ProfilingTime,23.708072676090524
SimulationTime,1270.5591841379646
FramaCExecutionTime,74.86267644702457
TotalExecutionTime,83276.64136247302
